link_title,count
–°–æ–∫—Ä–æ–≤–∏—â–∞ –ü–∏—Ä–∞—Ç–æ–≤,10563
Music Wars: –ë–∏—Ç–≤–∞ –º—É–∑—ã–∫–∞–ª—å–Ω—ã—Ö –∫–ª–∞–Ω–æ–≤ RPG,7275
–î–æ–ª–∏–Ω–∞ –°–ª–∞–¥–æ—Å—Ç–µ–π,5230
–ó–ª–∞—è –°–∫–∞–∑–∫–∞,5085
–°–ª–æ—Ç–æ–º–∞–Ω–∏—è - –∏–≥—Ä–æ–≤—ã–µ –∞–≤—Ç–æ–º–∞—Ç—ã,2814
–¢—Ä–∏–¥–µ–≤—è—Ç–æ–µ –¶–∞—Ä—Å—Ç–≤–æ,2259
Topface. –ó–Ω–∞–∫–æ–º—Å—Ç–≤–∞ –∏ –æ–±—â–µ–Ω–∏–µ. | –í–ö–æ–Ω—Ç–∞–∫—Ç–µ,2000
–ö–∏—Å –ö–∏—Å —Ä–∞—Å–∫—Ä—ã–≤–∞–µ—Ç —Ç–∞–π–Ω—ã–µ –∂–µ–ª–∞–Ω–∏—è!,1828
3564982,1413
–í –æ–∫–æ–ø–µ,1408
–ù–∞–Ω–æ-—Ñ–µ—Ä–º–∞,1059
51743062,958
–Ø –Ω–∞ –°–ø—Ä–∞—à–∏–≤–∞–π.—Ä—É,909
51722498,883
http://vk.com/ranks,690
–ù–µ–±–µ—Å–∞: —É–Ω–∏–∫–∞–ª—å–Ω–∞—è MMORPG,579
"–ê–≤–∞—Ç–∞—Ä–∏—è ‚Äî –º–∏—Ä, –≥–¥–µ —Å–±—ã–≤–∞—é—Ç—Å—è –º–µ—á—Ç—ã",564
World Poker Club - –ü–æ–∫–µ—Ä,548
–ü—Ä–∏–ª–æ–∂–µ–Ω–∏—è –≤ Google Play ‚Äì Mobile Legends: Bang Bang,525
–í—Ä–µ–º—è –ì–µ—Ä–æ–µ–≤,503
Mobile Legends: Bang Bang on the App Store,489
steal.jpg,487
–∫–∞—Ä—Ç–∏–Ω–∫–∏ —Å –∞–Ω–∏–º–∞—Ü–∏–µ–π - –Ø–Ω–¥–µ–∫—Å.–ö–∞—Ä—Ç–∏–Ω–∫–∏ #yandeximages,486
51789496,467
3034209,422
–∫–æ—Ç–∏–∫–∏ - –Ø–Ω–¥–µ–∫—Å.–ö–∞—Ä—Ç–∏–Ω–∫–∏ #yandeximages,418
–î–£–†–ê–ö –ù–û–í–´–ô,415
51748213,387
–ó–∞–ø–æ—Ä–æ–∂—å–µ,381
–ë–æ–π —Å —Ç–µ–Ω—å—é,358
"–£–≥–∞–¥–∞–π, —á—Ç–æ –Ω–∞—Ä–∏—Å–æ–≤–∞–Ω–æ!",335
Contract Wars - F2P First Person Shooter,326
51788035,304
–≠—Ç–∏–º —Å—Ç–æ–∏—Ç –ø–æ–¥–µ–ª–∏—Ç—å—Å—è!,280
–ì–¥–µ –û—Ç–ª–∏—á–∏–µ?,275
https://vk.com/oceanblitz2016,270
–í–µ–≥–∞ –ú–∏–∫—Å: —Ç—Ä–∏ –≤ —Ä—è–¥,268
Mobile Legends: Bang Bang,252
–ö—Ä–æ–∫–≤–æ—Ä–¥,251
–ë–µ–ª–∞—Ä—É—Å—å –∏ –≤—Å—ë –¥—Ä—É–≥–æ–µ. #–ü–æ—Å—Ç–∏–ª–∞,240
üíö–°–ª–æ–≤–µ—Å–Ω—ã–π –°–æ—É—Å,237
–ú–Ω–æ–≥–æ–ø—Ä–æ—Ñ–∏–ª—å–Ω–∞—è –∫–ª–∏–Ω–∏–∫–∞ –ù–ï–í–ê –≤ –ö–∏—Ä–æ–≤–µ,236
damage.jpg,232
destory.jpg,231
–ü—Ä–∏–ª–æ–∂–µ–Ω–∏—è –≤ Google Play ‚Äì –ù–∞–π–¥–∏ –°–ª–æ–≤–∞,229
–° –ù–æ–≤—ã–º –ì–æ–¥–æ–º,227
–ò–Ω—Ç–µ—Ä–Ω: —Ç—Ä–∏ –≤ —Ä—è–¥!,216
51758927,213
–û–±–æ–∏ –¥–ª—è —Ä–∞–±–æ—á–µ–≥–æ —Å—Ç–æ–ª–∞,212
–ó–û–ù–ö Pro üé≤,206
2388722,200
–û–±—Ä–∏—Å—É–π–∫–∞ ‚Äî —Ä–∏—Å—É–µ–º –∏ –æ—Ü–µ–Ω–∏–≤–∞–µ–º,194
Lords&Swords,191
–†–µ–≤–æ–ª—é—Ü–∏—è,189
6035793,181
–†–æ–¥–∏–Ω–∞: –ë–æ–ª—å—à–æ–π —É—Ä–æ–∂–∞–π,179
–Ø —Å–æ–≤–µ—Ä—à–∏–ª –¥–æ—Å—Ç–∏–∂–µ–Ω–∏–µ –≤ –ù–µ–±–µ—Å–∞—Ö!,179
–†–æ–¥–∏–Ω–∞: –ë–æ–ª—å—à–æ–π —É—Ä–æ–∂–∞–π!,174
–Ø–Ω–¥–µ–∫—Å.–ö–∞—Ä—Ç–∏–Ω–∫–∏,172
–°–∞—Ö–∞—Ä–Ω—ã–µ –ì–µ—Ä–æ–∏ - –≥–æ–ª–æ–≤–æ–ª–æ–º–∫–∞ —Ç—Ä–∏ –≤ —Ä—è–¥,171
51767179,169
–§–æ—Ç–æ –∞–≤—Ç–æ—Ä–∞ –ê—Ä–∫–∞–¥—å–∏—á –Ω–∞ –Ø–Ω–¥–µ–∫—Å.–§–æ—Ç–∫–∞—Ö,159
–¢—É–∑–µ–º—Ü—ã,152
–û—Ç–∫—Ä—ã—Ç–∫–∞ –∏–∑ –ì–∞–ª–µ—Ä–µ–∏ –ø–æ–∑–¥—Ä–∞–≤–ª–µ–Ω–∏–π,146
Garena Free Fire,143
–ì—Ä–∏–º–º: –§–µ—Ä–º–∞ —Å –∏—Å—Ç–æ—Ä–∏—è–º–∏,137
–ó–ª–∞—è –°–∫–∞–∑–∫–∞: –∑–∞—Ç–µ—Ä—è–Ω–Ω—ã–π –≥–æ—Ä–æ–¥,136
–ü–æ—Å–º–æ—Ç—Ä–∏—Ç–µ —ç—Ç–æ –≤–∏–¥–µ–æ! –í—ã –Ω–µ –ø–æ–∂–∞–ª–µ–µ—Ç–µ! #Likee,129
–î–æ–º–∏–Ω–æ –û–Ω–ª–∞–π–Ω,128
3882511,128
–†—ã–±–Ω–æ–µ –º–µ—Å—Ç–æ. –ù–æ–≤–∞—è —ç—Ä–∞.,126
51749151,123
–ú–µ–≥–∞–±–æ–ª: –§—É—Ç–±–æ–ª—å–Ω—ã–µ –≤–æ–π–Ω—ã,123
http://vk.com/oceanblitz,122
–§—Ä—É–∫—Ç–æ–≤–∞—è –°—Ç—Ä–∞–Ω–∞: —Ç—Ä–∏ –≤ —Ä—è–¥,122
–ù–∞–Ω–æ-—Ñ–µ—Ä–º–∞: –Ω–æ–≤—ã–µ —Ç–µ—Ä—Ä–∏—Ç–æ—Ä–∏–∏!,120
–î–∞—á–Ω–∏–∫–∏,119
51765126,117
–°–æ—á–∏ 2014. –û–ª–∏–º–ø–∏–π—Å–∫–∏–π –∫—É—Ä–æ—Ä—Ç,115
–í–µ—Å–µ–ª—ã–π –æ–≥–æ—Ä–æ–¥,113
–Ø —Å–æ–≤–µ—Ä—à–∏–ª –¥–æ—Å—Ç–∏–∂–µ–Ω–∏–µ –≤ –ù–µ–±–µ—Å–∞—Ö! ‚Äî –ó–∞—Ö–æ–¥–∏ —Å–∫–æ—Ä–µ–µ!,112
–¢—Ä–∏ –±–æ–≥–∞—Ç—ã—Ä—è,112
51764239,108
Mystery Manor: Hidden Adventure –Ω–∞ Facebook | Facebook,108
–†–µ–¥–∞–∫—Ç–∏—Ä–æ–≤–∞–Ω–∏–µ –æ–±—Ä–∞–∑–æ–≤–∞–Ω–∏—è,107
–¢–∞–ª—ã—â on BIGO LIVE,106
–§–æ—Ç–æ –∞–≤—Ç–æ—Ä–∞ Mavesta –Ω–∞ –Ø–Ω–¥–µ–∫—Å.–§–æ—Ç–∫–∞—Ö,104
–ö–æ–Ω—Ñ–ª–∏–∫—Ç,103
–ì–æ—Ä–æ–¥—Å–∫–∏–µ –¥–µ–≤—á–æ–Ω–∫–∏,103
Login ‚Ä¢ Instagram,102
51793683,101
–°–ª–æ—Ç–æ–º–∞–Ω–∏—è,101
"–ß–µ, —É–º–Ω—ã–π?",100
Mortal Portal,99
–ì–æ–ª–æ–¥–Ω—ã–µ –ò–≥—Ä—ã - –∫—Ä—É—á–µ –ê–≥–∞—Ä–∏–æ | –í–ö–æ–Ω—Ç–∞–∫—Ç–µ,99
–î–æ–º–æ–≤—è—Ç–∞,96
–¢–∞–æ–Ω–≥–∞: –¢—Ä–æ–ø–∏—á–µ—Å–∫–∞—è —Ñ–µ—Ä–º–∞,94
–°–ø–∞—Ä—Ç–∞: –≤–æ–π–Ω–∞ –∏–º–ø–µ—Ä–∏–π,93
"–û–±—É—á–µ–Ω–∏–µ –º–∞–Ω–∏–∫—é—Ä—É –í–æ—Ä–æ–Ω–µ–∂, –≥–µ–ª—å-–ª–∞–∫, –∏–Ω—Å—Ç—Ä—É–∫—Ç–æ—Ä—Å–∫–∏–µ –∫—É—Ä—Å—ã, –±–∞–∑–æ–≤–æ–µ –Ω–∞—Ä–∞—â–∏–≤–∞–Ω–∏–µ, –∞–ø–ø–∞—Ä–∞—Ç–Ω—ã–π –º–∞–Ω–∏–∫—é—Ä, ",92
–ü—Ä–æ–∫–ª—è—Ç–∏–µ –ß–∞—Å–æ–≤—â–∏–∫–∞,89
–†—É—Å–∞–ª–æ—á–∫–∞,88
–°—á–∞—Å—Ç–ª–∏–≤–æ–µ –ü–æ–º–µ—Å—Ç—å–µ,85
–í–∞—à–∏ –≥–æ—Å—Ç–∏ –∏ –¥—Ä—É–∑—å—è!,84
dungeon_0.jpg,84
"–û—Ñ–æ—Ä–º–ª–µ–Ω–∏–µ —Å—á–µ—Ç–∞ :: –¢—Ä–µ–Ω–∏–Ω–≥–∏ –∏ –∫—É—Ä—Å—ã –¥–ª—è –∂–µ–Ω—â–∏–Ω ""–ê–∫–∞–¥–µ–º–∏–∏ –ë–ª–∞–≥–æ–ø–æ–ª—É—á–∏—è""",81
–¶–µ–Ω–∞ –°–≤–æ–±–æ–¥—ã: –¢–∞–π–Ω–∞ –ö—É–∫–ª–æ–≤–æ–¥–∞,80
–ö–æ—Ä–æ–ª—å –ê–∑–∞—Ä—Ç–∞ - –∏–≥—Ä–æ–≤—ã–µ –∞–≤—Ç–æ–º–∞—Ç—ã –∏ —Å–ª–æ—Ç—ã!,80
–ë—é—Ä–æ-—Å–ø—Ä–∞–≤–æ—á–Ω–∞—è,80
–°–æ–ª–¥–∞—Ç —É–¥–∞—á–∏,79
https://vk.com/rats_online,79
–î—É–¥–ª –î–∂–∞–º–ø - –ö–ª–∞—Å—Å–∏–∫,78
51776529,75
–§–æ—Ç–æ –∞–≤—Ç–æ—Ä–∞ nowayelse –Ω–∞ –Ø–Ω–¥–µ–∫—Å.–§–æ—Ç–∫–∞—Ö,75
–ó–µ–º–ª—è –ú–µ—Ä—Ç–≤—ã—Ö: Survival,73
3-–π –ú–∞—Ä–∞—Ñ–æ–Ω –ñ–µ–Ω—Å—Ç–≤–µ–Ω–Ω–æ—Å—Ç–∏ 2014 –≥–æ–¥–∞ –æ—Ç –ê–ª–µ–∫—Å–µ—è –∏ –û–ª—å–≥–∏ –í–∞–ª—è–µ–≤—ã—Ö,73
51571595,73
–ü—Ä–æ–¥—É–∫—Ü–∏—è –¥–ª—è –Ω–µ–π–ª –º–∞—Å—Ç–µ—Ä–æ–≤ | Sofitnailsystem,72
–§–æ—Ç–æ –∞–≤—Ç–æ—Ä–∞ –ò–≥–æ—Ä—å –õ–∏—Ç–≤—è–∫ –Ω–∞ –Ø–Ω–¥–µ–∫—Å.–§–æ—Ç–∫–∞—Ö,72
–ò–Ω—Ç–µ—Ä–Ω—ã,71
–Å–ª–æ—á–∫–∞ 2016,71
–°—É–ø–µ—Ä –°–ª–æ—Ç—ã: –∏–≥—Ä–æ–≤—ã–µ –∞–≤—Ç–æ–º–∞—Ç—ã!,70
–ù–∞–π—Ç–∏ –æ—Ç–ª–∏—á–∏—è,70
Profit 365,68
Mirrors of Albion,68
–†–æ–¥–∏–Ω–∞: –õ–µ—Ç–Ω–∏–π —Å–µ–∑–æ–Ω!,67
–î–ª—è –ø—Ä–æ—Å–º–æ—Ç—Ä–∞ –Ω—É–∂–Ω–æ –≤–æ–π—Ç–∏ –∏–ª–∏ –∑–∞—Ä–µ–≥–∏—Å—Ç—Ä–∏—Ä–æ–≤–∞—Ç—å—Å—è,67
"–ò–≥—Ä–∞—Ç—å –≤ ""–°–ª–æ–≤–æ –∑–∞ —Å–ª–æ–≤–æ"" –ø—Ä—è–º–æ —Å–µ–π—á–∞—Å!",66
–Å–ª–æ—á–∫–∞ 2017,66
–£–ª—É—á—à–µ–Ω–∏–µ –∑–∞–≤–µ—Ä—à–µ–Ω–æ!,63
–ü—É—Ç—å –í–æ–∏–Ω–∞: –ë–∏—Ç–≤–∞ –ì–µ—Ä–æ–µ–≤,63
51780233,63
–®–∞–≥–∏ –í–ö–æ–Ω—Ç–∞–∫—Ç–µ,62
–†–µ–ü–æ—Å—Ç,61
–ü—Ä–∏—Å–æ–µ–¥–∏–Ω—è–π—Ç–µ—Å—å!,60
–°–æ–∫—Ä–æ–≤–∏—â–∞ –§–µ–∏,58
"–ü–∏—Ç–æ–º–Ω–∏–∫ —Ä–æ–¥–µ–∑–∏–π—Å–∫–∏—Ö —Ä–∏–¥–∂–±–µ–∫–æ–≤ Moyo Savannah, —â–µ–Ω–∫–∏ —Ä–∏–¥–∂–±–µ–∫–æ–≤ - –ì–ª–∞–≤–Ω–∞—è",57
–ü–æ—Å–º–æ—Ç—Ä–∏—Ç–µ —ç—Ç–æ –≤–∏–¥–µ–æ! –í—ã –Ω–µ –ø–æ–∂–∞–ª–µ–µ—Ç–µ! #LIKE,57
51781225,57
–ë–æ–ª—å—à–µ –∑–æ–ª–æ—Ç–∞,56
–ö–æ—Ä–æ–≤—ã –ø—Ä–æ—Ç–∏–≤ –ü—Ä–∏—à–µ–ª—å—Ü–µ–≤,56
AVON –≤ –£–∫—Ä–∞–∏–Ω–µ - –ì–ª–∞–≤–Ω–∞—è —Å—Ç—Ä–∞–Ω–∏—Ü–∞,56
–ú–∏—Ä. –û—Ç —Å–µ—Ä–¥—Ü–∞ –∫ —Å–µ—Ä–¥—Ü—É,54
¬´–ó–µ—Ä–∫–∞–ª–∞ –ê–ª—å–±–∏–æ–Ω–∞¬ª - –∏—â–∏—Ç–µ –ø—Ä–µ–¥–º–µ—Ç—ã –∏ —Ä–∞—Å–∫—Ä—ã–≤–∞–π—Ç–µ —Å–µ–∫—Ä–µ—Ç—ã!,54
–î–æ–±—Ä–æ–µ —É—Ç—Ä–æ:),53
–ì–ª–∞–¥–∏–∞—Ç–æ—Ä—ã,53
–î–æ—Ç–∞ 2: –ü—É–¥–∂,51
http://vk.com/play_univer,51
–ö—É–ø–æ–ª,51
–ù–∞–π–¥–∏ —Ñ–æ—Ç–æ–ª—è–ø—ã,51
4241302,51
–§–æ—Ç–æ –∞–≤—Ç–æ—Ä–∞ –°–≤–µ—Ç—É–ª—è –Ω–∞ –Ø–Ω–¥–µ–∫—Å.–§–æ—Ç–∫–∞—Ö,50
–ë—É–¥—É—â–µ–µ,50
–ü—Ä–∏–ª–æ–∂–µ–Ω–∏—è –Ω–∞ Google Play ‚Äì Mobile Legends: Bang bang,50
–ö–æ–º–ø–ª–µ–∫—Ç –∏–∑ —Å–µ—Ä–µ–±—Ä–∞,49
–°–ø—Ä–æ—Å–∏ ‚Äì –ê–Ω–æ–Ω–∏–º–Ω—ã–µ –≤–æ–ø—Ä–æ—Å—ã –¥—Ä—É–∑—å—è–º,49
–ü—Ä–∏–ª–æ–∂–µ–Ω–∏—è –≤ Google Play ‚Äì Mafia City,49
51782061,48
–§–æ—Ç–æ –∞–≤—Ç–æ—Ä–∞ aleksandrk59 –Ω–∞ –Ø–Ω–¥–µ–∫—Å.–§–æ—Ç–∫–∞—Ö,48
–ó–≤–µ–∑–¥–æ–ø–∞–¥,47
–§–æ—Ç–æ –∞–≤—Ç–æ—Ä–∞ yuhansson –Ω–∞ –Ø–Ω–¥–µ–∫—Å.–§–æ—Ç–∫–∞—Ö,47
–ö–æ—Å–º–æ: —Ç—Ä–∏ –≤ —Ä—è–¥!,47
–§–æ—Ç–æ –∞–≤—Ç–æ—Ä–∞ –Æ—Ä–∏–π –Ω–∞ –Ø–Ω–¥–µ–∫—Å.–§–æ—Ç–∫–∞—Ö,47
–§–æ—Ç–æ –∞–≤—Ç–æ—Ä–∞ apply3 –Ω–∞ –Ø–Ω–¥–µ–∫—Å.–§–æ—Ç–∫–∞—Ö,46
Workle ‚Äî –ø–µ—Ä–≤—ã–π –æ—Ñ–∏—Ü–∏–∞–ª—å–Ω—ã–π –∏–Ω—Ç–µ—Ä–Ω–µ—Ç-—Ä–∞–±–æ—Ç–æ–¥–∞—Ç–µ–ª—å,46
–ö–æ—Ç–æ–º–∞–Ω–∏—è,45
–§–æ—Ç–æ –∞–≤—Ç–æ—Ä–∞ Atachenka –Ω–∞ –Ø–Ω–¥–µ–∫—Å.–§–æ—Ç–∫–∞—Ö,45
https://vk.com/ranks,45
–¢—Ä–∞–≥–µ–¥–∏—è –±–µ–ª–æ–∫,45
–ì–æ—Ä–æ—Å–∫–æ–ø –¥–ª—è –í–µ—Å–æ–≤ –Ω–∞ –∑–∞–≤—Ç—Ä–∞,45
–ò–∑ –∫–æ–ª–ª–µ–∫—Ü–∏–∏ ¬´–ê–ù–ò–ú–ê–¶–ò–Ø –ù–ê –ú–û–ë–ò–õ–¨–ù–´–ô –¢–ï–õ–ï–§–û–ù¬ª,44
–†–æ–¥–∏–Ω–∞: –õ—é–±–∏–º–∞—è —Ñ–µ—Ä–º–∞!,44
–û–Ω–ª–∞–π–Ω –§–ª–µ—à –∏–≥—Ä—ã –∏–≥—Ä–∞—Ç—å –±–µ—Å–ø–ª–∞—Ç–Ω–æ –±–µ–∑ —Ä–µ–≥–∏—Å—Ç—Ä–∞—Ü–∏–∏ –Ω–∞ FreePley.ru,44
–¢—Ä–∏–¥–µ–≤—è—Ç–æ–µ –¶–∞—Ä—Å—Ç–≤–æ: –í–µ—Å–Ω–∞!,43
–ü–ª–æ—Ö–∞—è –¥–µ–≤–æ—á–∫–∞,43
–ì—É—Ä–º–∞–Ω–∏—è: –¢—Ä–∏ –≤ —Ä—è–¥!,43
–®–∞—Ä–æ–±—É–º,43
–í–æ–ª—à–µ–±–Ω–∞—è –§–µ—Ä–º–∞,42
–ö–æ–ª—å—Ü–æ –∑–æ–ª–æ—Ç–æ–µ,42
–î–∏–∞–º–∞–Ω—Ç: –¢—Ä–∏ –≤ —Ä—è–¥,42
–†—ã–±–Ω–æ–µ –º–µ—Å—Ç–æ. –¢—É—Ä–Ω–∏—Ä.,42
–í–∏–∑–∞–∂–∏—Å—Ç/–°–≤–∞–¥–µ–±–Ω—ã–π —Å—Ç–∏–ª–∏—Å—Ç,42
–í –æ–∫–æ–ø–µ: –í–î–í,42
–ù–∞–∫–æ—Ä–º–∏ –º–∞–ª—ã—à–∞,41
–ó–∞—Ö–æ–¥–∏—Ç–µ –≤ TikTok –∏ —Å–º–æ—Ç—Ä–∏—Ç–µ –≤–∏–¥–µ–æ!,41
"–Ø–Ω–¥–µ–∫—Å.–ë—Ä–∞—É–∑–µ—Ä ‚Äî –ª–∞–∫–æ–Ω–∏—á–Ω—ã–π, —É–¥–æ–±–Ω—ã–π –∏ —É–º–Ω—ã–π",41
–ò–∑ –∫–æ–ª–ª–µ–∫—Ü–∏–∏ ¬´–†–æ–∑—ã¬ª,41
–ë–µ—Ä—Å–µ—Ä–∫: –ö–∞—Ç–∞–∫–ª–∏–∑–º,41
–§–æ—Ç–æ –∞–≤—Ç–æ—Ä–∞ sorokopud.ru –Ω–∞ –Ø–Ω–¥–µ–∫—Å.–§–æ—Ç–∫–∞—Ö,40
–ê–Ω–∏–º–∞—Ç–æ—Ä,40
–ó–∞–¥–∞–Ω–∏–µ –≤—ã–ø–æ–ª–Ω–µ–Ω–æ!,40
7096306,39
Pandao - —Å–∫–∞—á–∞—Ç—å –ø—Ä–∏–ª–æ–∂–µ–Ω–∏–µ,39
–ö—É–ª–æ–Ω –∑–æ–ª–æ—Ç–æ,38
Free Fire - Battlegrounds. Best survival Battle Royale on mobile!,37
–õ–µ–≥–µ–Ω–¥—ã –º–æ—Ä–µ–π,37
–ò–Ω–¥–∏–∞–Ω–∞ –∫–æ—Ç,37
–ì–ª–∞–≤–Ω–∞—è,37
–ì–æ–ª–æ—Å –ü—Ä–∏–ø—è—Ç–∏,37
–°–≤–∞–¥—å–±–∞ –ø–æ –ª—é–±–≤–∏ 2,37
WhatsApp  :: Download,37
"–ì–∞—Ä–Ω–∏—Ç—É—Ä –∏–∑ 5-—Ç–∏ –ø—Ä–µ–¥–º–µ—Ç–æ–≤, —Å–µ—Ä–µ–±—Ä–æ.",36
https://bnc.lt/ramadan_share_VKhttps://bnc.lt/ramadan_share_twitter,36
–§–æ—Ç–æ –∞–≤—Ç–æ—Ä–∞ esquirol –Ω–∞ –Ø–Ω–¥–µ–∫—Å.–§–æ—Ç–∫–∞—Ö,36
–î–æ–º–∏–Ω–æ –æ–Ω–ª–∞–π–Ω,36
–û—Ç–∫—Ä—ã–≤–∞–π –∫–µ–π—Å—ã –≤–º–µ—Å—Ç–µ —Å–æ –º–Ω–æ–π!,36
–ò–Ω—Ç–µ—Ä–Ω: —Ç—Ä–∏ –≤ —Ä—è–¥,35
http://vk.com/wtword,35
–ü—Ä–∏–∫–ª—é—á–µ–Ω–∏—è –ú–∞–ª–µ–Ω—å–∫–æ–≥–æ –ü—Ä–∏–Ω—Ü–∞,35
–§–æ—Ç–æ –∞–≤—Ç–æ—Ä–∞ –ê–ª–µ–∫—Å–∞–Ω–¥—Ä –ó–µ–ª–µ–Ω—Å–∫–∏–π –Ω–∞ –Ø–Ω–¥–µ–∫—Å.–§–æ—Ç–∫–∞—Ö,35
–ó–æ–ª–æ—Ç–æ–π –∫–æ–º–ø–ª–µ–∫—Ç,35
–ì–ª–∞–≤–Ω–∞—è —Å—Ç—Ä–∞–Ω–∏—Ü–∞,35
–ö–æ–Ω—Ç—Ä–∞–∫—Ç —Å –ú–∏–Ω–æ–±–æ—Ä–æ–Ω—ã,35
–ü—Ä–∏–ª–æ–∂–µ–Ω–∏—è –≤ Google Play ‚Äì Mobile Legends: Bang bang,34
–§–æ—Ç–æ –∞–≤—Ç–æ—Ä–∞ mgcredo –Ω–∞ –Ø–Ω–¥–µ–∫—Å.–§–æ—Ç–∫–∞—Ö,34
–û—á–µ–Ω—å –ó–ª–∞—è –ò–≥—Ä–∞,34
–Å–ª–æ—á–∫–∞ 2019,34
–ì–∞—Ä–Ω–∏—Ç—É—Ä –∏–∑ —Å–µ—Ä–µ–±—Ä–∞ —Å –ø–æ–∑–æ–ª–æ—Ç–æ–π,33
–í –æ–∫–æ–ø–µ: –°—Ç–∞–ª–∏–Ω–≥—Ä–∞–¥,33
"–ê–≤–∞—Ç–∞—Ä–∏—è ‚Äî –∏–≥—Ä–∞–π, —Ñ–ª–∏—Ä—Ç—É–π, –≤–ª—é–±–ª—è–π—Å—è",33
–°–ø–∞—Å–∏ –∫–≤–∞–¥—Ä–∞—Ç,33
NL International,33
–ó–∞–∫–ª–∏–Ω–∞–Ω–∏–µ –∏–∑—É—á–µ–Ω–æ!,33
–ë—Ä–∞—Ç–≤–∞ –∏ –ö–æ–ª—å—Ü–æ (–æ–∑–≤—É—á–µ–Ω–æ –ì–æ–±–ª–∏–Ω–æ–º),32
–ì–µ–Ω–µ—Ä–∞—Ç–æ—Ä –ø–æ—Å—Ç–æ–≤,32
Cases4Real.com - –†–µ–∞–ª—å–Ω—ã–µ –∫–µ–π—Å—ã,32
–ú–æ–¥–Ω–∏—Ü—ã. –ù–æ–≤—ã–π —Å–µ–∑–æ–Ω!,32
51778693,31
https://clashofkings.app.link/samuraishodown_share_vk,31
–ù–∞–Ω–æ-—Ñ–µ—Ä–º–∞: –ú–µ–≥–∞-–•—ç–ª–ª–æ—É–∏–Ω!,31
–õ—é–±–∏–º—á–∏–∫–∏,31
–§–æ—Ç–æ –∞–≤—Ç–æ—Ä–∞ –í–õ–ê–î19 –Ω–∞ –Ø–Ω–¥–µ–∫—Å.–§–æ—Ç–∫–∞—Ö,31
–§–æ—Ç–æ –∞–≤—Ç–æ—Ä–∞ korzin.slava –Ω–∞ –Ø–Ω–¥–µ–∫—Å.–§–æ—Ç–∫–∞—Ö,31
–û—Ç–≤–µ—Ç—å—Ç–µ –Ω–∞ –º–æ–∏ –≤–æ–ø—Ä–æ—Å—ã,31
"–°–µ—Ä–µ–±—Ä–æ , –∫–æ–º–ø–ª–µ–∫—Ç",31
–°—É–º–æ—á–∫–∞ - –∫–ª–∞—Ç—á,31
–ë–æ–ª—å—à–æ–π –ö—É—à ‚Äî –ò–≥—Ä–æ–≤—ã–µ –ê–≤—Ç–æ–º–∞—Ç—ã,30
–û–ª–µ–≥ –¶–∞—Ä—ë–≤,30
–û–±—É—á–∞—é—â–∏–π nail —Ü–µ–Ω—Ç—Ä –¢–∞—Ç—å—è–Ω—ã –¢–∞—Ä–∞–Ω–æ–≤–æ–π,30
LAKOS SERVIS,30
–ü–æ–≤–µ–ª–∏—Ç–µ–ª–∏ –¥—Ä–∞–∫–æ–Ω–æ–≤!,30
pet.jpg,30
–ò–≥—Ä–æ–≤—ã–µ –∞–≤—Ç–æ–º–∞—Ç—ã - –£–¥–∞—á–∞ - –ü–æ–ø—É–ª—è—Ä–Ω—ã–µ –≤–∏–¥–µ–æ—Å–ª–æ—Ç—ã,30
–§–æ—Ç–æ–≥—Ä–∞—Ñ–∏–∏ –ó–û–ñ - –ú–æ–π –ú–∏—Ä@Mail.ru,30
–ï–∂–µ–¥–Ω–µ–≤–Ω—ã–π –≥–æ—Ä–æ—Å–∫–æ–ø,30
–° –¥–æ–±—Ä—ã–º —É—Ç—Ä–æ–º!:),30
–°–µ—Ä—å–≥–∏ —Å–µ—Ä–µ–±—Ä–æ,30
–ò–≥—Ä–∞ –£–¥–∞—á–ª–∏–≤—ã–π –±–æ–º–∂,29
–¶—ã–ø–ª—è—Ç–∞ –±—Ä–æ–ª–µ—Ä–Ω—ã–µ,29
–ê–∫–≤–∞–ø–æ–ª–∏—Å. –ü–æ–¥–≤–æ–¥–Ω—ã–π –º–µ–≥–∞–ø–æ–ª–∏—Å,29
–û–ø–µ—Ä–∞ –≤ –ü—É–Ω–∫—Ç—É–º–µ. –ù–æ–≤—ã–π —Å–µ–∑–æ–Ω | –ü–£–ù–ö–¢–£–ú,29
Telegram: Contact @rhodesian_ridgeback_moyo_sa,29
Community Landing Page –≤ Viber,29
–í–æ–ª—à–µ–±–Ω–∞—è –§–µ—Ä–º–∞ - –õ–µ—Ç–æ!,29
sharepic.jpg,29
–ë—É—Å—ã –∏–∑ –Ω–∞—Ç—É—Ä–∞–ª—å–Ω–æ–≥–æ –∫–∞–º–Ω—è,28
–û—Ç–∫—Ä–æ–π –º–∏—Ä –∫—Ä–∞—Å–æ—Ç—ã —Å Oriflame,28
–ö–æ–ª–æ–Ω–∏–∑–∞—Ç–æ—Ä—ã - –∫–æ—Å–º–∏—á–µ—Å–∫–∞—è 3D —Å—Ç—Ä–∞—Ç–µ–≥–∏—è,28
–§–∏–ª–≤–æ—Ä–¥—ã: –ø–æ–∏—Å–∫ —Å–ª–æ–≤ - Android Apps on Google Play,28
–° –¥–æ–±—Ä—ã–º –≤–µ—á–µ—Ä–æ–º –∫–∞—Ä—Ç–∏–Ω–∫–∏ –∫—Ä–∞—Å–∏–≤—ã–µ —Å –Ω–∞–¥–ø–∏—Å—è–º–∏ –¥–ª—è –¥–µ–≤—É—à–∫–∏ ‚Äî –Ø–Ω–¥–µ–∫—Å.–ö–∞—Ä—Ç–∏–Ω–∫–∏,27
–î—Ä–µ–≤–Ω—è—è —Ç–∞–π–Ω–∞,27
http://vk.com/wormix,27
—Ñ–æ—Ç–∫–∏ –ø—Ä–æ —Ö–æ–∫–∫–µ–π ‚Äî –Ø–Ω–¥–µ–∫—Å.–ö–∞—Ä—Ç–∏–Ω–∫–∏,27
–°–µ—Ä—å–≥–∏ —Å–µ—Ä–µ–±—Ä–æ —Å –Ω–∞—Ç—É—Ä–∞–ª—å–Ω–æ–π –±–µ—Ä—é–∑–æ–π.,27
–∫—É—Ä—Å –ê–Ω–¥—Ä–µ—è –î–º–∏—Ç—Ä–∏–µ–≤–∞-–†–∞–¥–≤–æ–≥–∏–Ω–∞ ¬´–î–∏–∫—Ç–∞—Ç –ú–æ–¥—ã¬ª | –ü–£–ù–ö–¢–£–ú,27
–ü—Ä–∏–ª–æ–∂–µ–Ω–∏—è –Ω–∞ Google Play ‚Äì –°–º–µ–π—Å—è –¥–æ —Å–ª—ë–∑,27
–û–Ω–õ–∞–π–Ω—Å,27
–ú–æ–π –∫–æ—Ç–µ–Ω–æ–∫,27
–°—É–º–∫–∞ –Ω–∞—Ç—É—Ä–∞–ª—å–Ω–∞—è –∫–æ–∂–∞,27
https://vk.com/rucardsplay,27
V–æ–µ–Ω–∫–æ—Ä –ö–æ—Ç–µ–Ω–æ–∫ Z,27
"–§–ª–µ—à –∏–≥—Ä—ã –±–µ—Å–ø–ª–∞—Ç–Ω–æ,  –∏–≥—Ä–∞—Ç—å –æ–Ω–ª–∞–π–Ω.",27
–í –æ–∫–æ–ø–µ: –°—Ç–∞–ª–∏–Ω–≥—Ä–∞–¥—Å–∫–∞—è –±–∏—Ç–≤–∞,26
Airport City | Official web page,26
"–î—Ä—É–∑—å—è, –æ—Ç–≤–µ—Ç—å—Ç–µ –Ω–∞ –º–æ–π –≤–æ–ø—Ä–æ—Å! :-)",26
–ù–∞–π–¥–∏ –æ—Ç–ª–∏—á–∏—è,26
–î–∞–≤–∞–π –∏–≥—Ä–∞—Ç—å –≤–º–µ—Å—Ç–µ!,26
Wormix Mobile,26
–ü—Ä–∏–ª–æ–∂–µ–Ω–∏—è –≤ Google Play ‚Äì –ü—Ä–æ—Å–º–æ—Ç—Ä—ã –∏ –ø–æ–¥–ø–∏—Å—á–∏–∫–∏ —é—Ç—É–±–µ | VideoVTope,26
–ë–æ–≥–∞—Ç–∞—è –£—Å–∞–¥—å–±–∞,26
–û—Ç–≤–µ—á–∞—é –Ω–∞ –ª—é–±—ã–µ –≤–æ–ø—Ä–æ—Å—ã,26
–ß—É–¥–æ-–≥–æ—Ä–æ–¥,26
–ù–æ–≤–æ–≥–æ–¥–Ω–∏–π —à–∞—Ä –æ–±–µ—â–∞–Ω–∏–π –æ—Ç –°–±–µ—Ä–±–∞–Ω–∫–∞,26
–Å–ª–æ—á–∫–∞ 2017: –ü–∞—Ä–∏–∂—Å–∫–∞—è –£–ª–æ—á–∫–∞,26
–°–º–µ—à–∞—Ä–∏–∫–∏ –∂–¥—É—Ç –ø–æ–º–æ—â–∏!,26
–§–µ—Ä–º–µ—Ä—Å–∫–∏–π –£—Ç–µ—Å,25
–°–∫–ª–∞–¥ –º–µ–±–µ–ª—å –û–¥–µ—Å—Å–∞,25
–û—á–∏—Å—Ç–∏—Ç–µ–ª—å,25
51771026,25
"–°–Ω—ã, —Å–æ–∑–¥–∞—é—â–∏–µ —Ä–µ–∞–ª—å–Ω–æ—Å—Ç—å",25
–†–∞—Å–∫—Ä–∞—Å—å –º–µ–Ω—è!,25
–ê–∫–≤–∞–ú–∏—Ä - 3D –∞–∫–≤–∞—Ä–∏—É–º,25
51814836,25
http://vk.com/modnicy,25
51758088,25
–ü—Ä–æ–µ–∫—Ç ¬´–í–æ—Å—Å—Ç–∞–Ω–æ–≤–ª–µ–Ω–∏–µ¬ª,25
–†–∞–±–æ—Ç–∞ –≤ –∏–Ω—Ç–µ—Ä–Ω–µ—Ç–µ –Ω–∞ –¥–æ–º—É ,24
–Å–ª–æ—á–∫–∞ 2016: –ë–æ–ª—å—à–æ–µ –ü—É—Ç–µ—à–µ—Å—Ç–≤–∏–µ,24
–ó–¥–µ—Å—å –º–æ–∂–Ω–æ –±–µ—Å–ø–ª–∞—Ç–Ω–æ —Å–∫–∞—á–∞—Ç—å –ø—Ä–∏–ª–æ–∂–µ–Ω–∏–µ –î—Ä—É–≥–í–æ–∫—Ä—É–≥ –Ω–∞ —Ç–µ–ª–µ—Ñ–æ–Ω –∏–ª–∏ –Ω–∞ –∫–æ–º–ø—å—é—Ç–µ—Ä,24
–ó–∞–ø—Ä–æ—Å –Ω–∞ –¥—Ä—É–∂–±—É - Clash Royale,24
–°—Ç–∞—Ç–∏—Å—Ç–∏–∫–∞ –ü–ª—é—Å : –≥–æ—Å—Ç–∏ –∏ –¥—Ä—É–∑—å—è!,24
"""–ò–°–ü–û–õ–ù–ï–ù–ò–ï –ñ–ï–õ–ê–ù–ò–Ø"" –ì–ê–î–ê–ù–ò–ï –ù–ê –ö–ê–†–¢–ê–• –¢–ê–†–û –û–¢ –ú–ò–õ–´ –ö–û–†–®–£–ù",24
51740600,24
http://vk.com/rats_online,24
–õ–µ—Å–Ω–∞—è —Ç—É—Å–∞,23
Traveler,23
–ó–∞–¥–∞–π –º–Ω–µ –≤–æ–ø—Ä–æ—Å | ask.fm/desmond18,23
51812568,23
–¢–∏–Ω—å–∫–æ—Ñ—Ñ –ò–Ω–≤–µ—Å—Ç–∏—Ü–∏–∏ ‚Äì –ø—Ä–æ—Å—Ç–æ–π —Å–ø–æ—Å–æ–± –±—ã—Ç—å –∏–Ω–≤–µ—Å—Ç–æ—Ä–æ–º,23
–ò–∑ –∫–æ–ª–ª–µ–∫—Ü–∏–∏ ¬´–ê–Ω–∏–º–∞—Ü–∏–∏¬ª,23
–§–æ—Ç–æ –∞–≤—Ç–æ—Ä–∞ –ï–ª–µ–Ω–∞ –Ω–∞ –Ø–Ω–¥–µ–∫—Å.–§–æ—Ç–∫–∞—Ö,23
–§–æ—Ç–æ –∞–≤—Ç–æ—Ä–∞ brahman14 –Ω–∞ –Ø–Ω–¥–µ–∫—Å.–§–æ—Ç–∫–∞—Ö,23
–õ–µ–≥–µ–Ω–¥–∞ –î—Ä–æ–Ω—á–∏–∫–∫–ü–æ–¥–ø–∏—à–∏—Å—å –Ω–∞ –õ–∞–π–∫–µ—Ä–∞ –≤ –ø—Ä–∏–ª–æ–∂–µ–Ω–∏–∏ LIKE –∏ –Ω–µ –ø—Ä–æ–ø—É—Å—Ç–∏ —Å–ª–µ–¥—É—é—â–µ–≥–æ —à–æ—É,23
–ò–∑ –∫–æ–ª–ª–µ–∫—Ü–∏–∏ ¬´–ê–ù–ò–ú–ê–¶–ò–Ø –û–¢ –ö–û–õ–ò–ë–†–ò¬ª,23
–û–∂–µ—Ä–µ–ª—å–µ –∏–∑ –Ω–∞—Ç—É—Ä–∞–ª—å–Ω–æ–≥–æ –∫–∞–º–Ω—è,23
–ì–æ—Ä–æ–¥ –¢–∞—á–µ–∫,23
Days,23
‚Ä¢ –ì–æ—Å—Ç–∏ –∏ –¥—Ä—É–∑—å—è ‚Ä¢ ‚Äî –ê–Ω–∞–ª–∏—Ç–∏–∫–∞ –∏ –¢–û–ü,23
–ß–µ—Ö–æ–ª –¥–ª—è —Ç–µ–ª–µ—Ñ–æ–Ω–∞,23
Lets Hunt dev,23
–ü—Ä–∏–ª–æ–∂–µ–Ω–∏—è –≤ Google Play ‚Äì –§–∏–ª–≤–æ—Ä–¥—ã - –ò–≥—Ä–∞ –≤ –°–ª–æ–≤–∞,23
Headshot,23
–ü–æ—è—Å —Å–æ —Å—Ç—Ä–∞–∑–∞–º–∏.,23
–ß–∞—Å—ã –∂–µ–Ω—Å–∫–∏–µ,23
"""–í–´–ô–î–£ –õ–ò –Ø –ó–ê–ú–£–ñ""? –ì–ê–î–ê–ù–ò–ï –ù–ê –ö–ê–†–¢–ê–• –¢–ê–†–û –û–¢ –ú–ò–õ–´ –ö–û–†–®–£–ù",22
–í–∏–∑–∞–∂–∏—Å—Ç | –ü–æ–¥–æ–ª—å—Å–∫ | –°–≤–∞–¥–µ–±–Ω—ã–π –°—Ç–∏–ª–∏—Å—Ç –í–∏–∑–∞–∂–∏—Å—Ç –Æ–ª–∏—è –†—è–∑–∞–Ω–æ–≤–∞,22
–û—Ç —Å–æ–∑–¥–∞—Ç–µ–ª—è ¬´–î–∏–∫—Ç–∞—Ç–∞ –º–æ–¥—ã¬ª ‚Äî –ú–∏–Ω–∏-–∫—É—Ä—Å ¬´–í–µ–ª–∏–∫–∏–µ –¢–≤–æ—Ä—Ü—ã –í—ã—Å–æ–∫–æ–π –ú–æ–¥—ã¬ª | –ü–£–ù–ö–¢–£–ú,22
Cube Strike 3D,22
–ò–∑ –∫–æ–ª–ª–µ–∫—Ü–∏–∏ ¬´–ê–Ω–∏–º–∞—Ü–∏—è¬ª,22
–õ–∞–π–∫–æ–º–µ—Ä –í–ö–æ–Ω—Ç–∞–∫—Ç–µ ‚Äî –æ–±–º–µ–Ω –ª–∞–π–∫–∞–º–∏ –∏ —Å—Ç–∞—Ç–∏—Å—Ç–∏–∫–∞ —Å—Ç—Ä–∞–Ω–∏—Ü—ã,22
–∫–∞–∫ —Ä–∏—Å–æ–≤–∞—Ç—å –ø–æ–Ω–∏ –¥—Ä—É–∂–±–∞ —ç—Ç–æ —á—É–¥–æ ‚Äî –Ø–Ω–¥–µ–∫—Å.–ö–∞—Ä—Ç–∏–Ω–∫–∏,22
Download | Viber,22
CS:GO Happy,22
–õ–µ–≥–µ–Ω–¥—ã –û—Å–µ–Ω–Ω–µ–≥–æ –ú–æ—Ä—è,22
"–≠–ó–û–¢–ï–†–ò–ß–ï–°–ö–ò–ô –¶–ï–ù–¢–† ""–õ–ê–í–ö–ê –í–£–î–£""",22
–ü–æ–Ω—á–∏–∫–∏,21
–§–æ—Ç–æ –∞–≤—Ç–æ—Ä–∞ –õ–µ–Ω–æ—á–∫–∞ –Ω–∞ –Ø–Ω–¥–µ–∫—Å.–§–æ—Ç–∫–∞—Ö,21
51816874,21
51477940,21
–û–ë–†–ï–¢–ï–ù–ò–ï –†–ê–ë–û–¢–´. –†–ò–¢–£–ê–õ –° –≠–®–£ –†–≠–ï–ú.,21
–§–æ—Ç–æ–≥—Ä–∞—Ñ–∏–∏ –ì–æ—Ä–∂—É—Å—å –†–æ—Å—Å–∏–µ–π - –ú–æ–π –ú–∏—Ä@Mail.ru,21
...,21
–ó–∞–¥–∞–≤–∞–π—Ç–µ –º–Ω–µ –≤–æ–ø—Ä–æ—Å—ã,21
–ù–∞–Ω–æ-—Ñ–µ—Ä–º–∞: –∫–æ—Å–º–∏—á–µ—Å–∫–∏–µ —Ç–µ—Ö–Ω–æ–ª–æ–≥–∏–∏!,21
–ö–Ω–∏–≥–∞ –†–∞. –ò–≥—Ä–æ–≤—ã–µ –∞–≤—Ç–æ–º–∞—Ç—ã –Ω–æ–≤–æ–≥–æ –ø–æ–∫–æ–ª–µ–Ω–∏—è.,21
–§–æ—Ç–æ –∞–≤—Ç–æ—Ä–∞ –°–µ—Ä–≥–µ–π –ì—Ä–∏–≥–æ—Ä—å–µ–≤ –Ω–∞ –Ø–Ω–¥–µ–∫—Å.–§–æ—Ç–∫–∞—Ö,21
–ù–∞–Ω–æ-—Ñ–µ—Ä–º–∞: –≤—Å–µ –Ω–∞ –°–∫–æ—Ä–ø–∏–æ–Ω–æ–≤!,21
–ü–∞—Ä—Ç–Ω–µ—Ä—Å–∫–∏–π —Ñ–∞–Ω–¥—Ä–∞–π–∑–∏–Ω–≥ - –ë–∏–∑–Ω–µ—Å XXI –≤–µ–∫–∞,20
—Ä—ã–±–∫–∏ –¥–ª—è –∞–∫–≤–∞—Ä–∏—É–º–∞ - –Ø–Ω–¥–µ–∫—Å.–ö–∞—Ä—Ç–∏–Ω–∫–∏ #yandeximages,20
–Å–ª–æ—á–∫–∞ 2016: –¶–≤–µ—Ç–æ—á–Ω—ã–π –°–∞–¥,20
–£–∫—Ä–∞—à–µ–Ω–∏–µ –Ω–∞ –ø–æ—è—Å .,20
16 –∏—é–ª—è 2018 –≥.,20
http://vk.com/monopolia_kapitaler,20
–õ—É—á—à–∞—è —Ñ–µ—Ä–º–∞ –≤ –∏–Ω—Ç–µ—Ä–Ω–µ—Ç–µ - –°—É–ø–µ—Ä –§–µ—Ä–º–∞!,20
–ò–Ω—Ç–µ—Ä–Ω—ã: —Ç—Ä–∏ –≤ —Ä—è–¥,20
–Å–ª–æ—á–∫–∞ 2019: –ö–∞–Ω–∏–∫—É–ª—ã –≤ –†–∏–æ,20
–°–∫–∞—á–∞—Ç—å | Viber,20
"–ê–≤–∏–∞—Ü–∏–æ–Ω–Ω–∞—è –≥—Ä—É–ø–ø–∞ –≤—ã—Å—à–µ–≥–æ –ø–∏–ª–æ—Ç–∞–∂–∞ ""–†—É—Å—Å–∫–∏–µ –í–∏—Ç—è–∑–∏"" | –ê–≤–∏–∞—Ü–∏–æ–Ω–Ω–∞—è –≥—Ä—É–ø–ø–∞ –≤—ã—Å—à–µ–≥–æ –ø–∏–ª–æ—Ç–∞–∂–∞",20
Oriflame Cosmetics,20
–•–æ–∑—è–∏–Ω –∞—Ä—Ç–µ–ª–∏,19
–§–æ—Ç–æ –∞–≤—Ç–æ—Ä–∞ –¢–∞–Ω—é—à–∞–ö –Ω–∞ –Ø–Ω–¥–µ–∫—Å.–§–æ—Ç–∫–∞—Ö,19
TikTok,19
–û–ª–µ–≥ –°–µ–º–µ–Ω–æ–≤. –¢—Ä–∞–Ω—Å–ª—è—Ü–∏—è,19
–ö–ª–∏–∫ –õ—ç–Ω–¥,19
–§—Ä—É–∫—Ç–æ–≤–∞—è –ò—Å—Ç–æ—Ä–∏—è 2 : –õ–µ–¥–Ω–∏–∫–æ–≤—ã–π –ø–µ—Ä–∏–æ–¥,19
51749654,19
#–í–ö–∞–Ω—É–Ω,19
–§–æ—Ç–æ –∞–≤—Ç–æ—Ä–∞ NORMA –Ω–∞ –Ø–Ω–¥–µ–∫—Å.–§–æ—Ç–∫–∞—Ö,19
–õ–µ–≥–µ–Ω–¥–∞ –î—Ä–æ–Ω—á–∏–∫–ü–æ–¥–ø–∏—à–∏—Å—å –Ω–∞ –õ–∞–π–∫–µ—Ä–∞ –≤ –ø—Ä–∏–ª–æ–∂–µ–Ω–∏–∏ LIKE –∏ –Ω–µ –ø—Ä–æ–ø—É—Å—Ç–∏ —Å–ª–µ–¥—É—é—â–µ–≥–æ —à–æ—É,19
–°–∫–∞—á–∞—Ç—å WhatsApp,19
–ê–∫–≤–∞–ø–æ–ª–∏—Å. –§–µ—Ä–º–∞ –Ω–∞ —Ä—É—Å—Å–∫–æ–º,19
–ú—É—Ç–∞–Ω—Ç—ã: –ì–µ–Ω–µ—Ç–∏—á–µ—Å–∫–∏–µ –≤–æ–π–Ω—ã,19
–í –æ–∫–æ–ø–µ HD,19
–í–∞—Å–∏–ª—å–∫–æ–≤–∞—è —Ñ–µ—Ä–º–∞,19
" –°–∏—Å—Ç–µ–º–∞ –±—Ä–æ–Ω–∏—Ä–æ–≤–∞–Ω–∏—è ""–î–∂–µ—Ç –¢—Ä–µ–≤–µ–ª"". –ü—Ä–∞–π—Å-–ª–∏—Å—Ç ",19
–í –æ–∫–æ–ø–µ: 9 –º–∞—è,19
"  –ü–æ–∏—Å–∫ —Ç—É—Ä–æ–≤ ""–î–∂–µ—Ç –¢—Ä–µ–≤–µ–ª"". ",19
–ü–æ–ª—É—Å—É—Ö–∞—è —Å—Ç—è–∂–∫–∞ –ø–æ–ª–∞...,19
"–ó–∞–∫—Ä—É—Ç–∏ –õ—é–±–æ–≤—å: –±—É—Ç—ã–ª–æ—á–∫–∞, –∑–Ω–∞–∫–æ–º—Å—Ç–≤–∞, —Ñ–ª–∏—Ä—Ç!",19
–ò–µ—Ä–∞—Ä—Ö–∏—è –ø–æ—Ç—Ä–µ–±–Ω–æ—Å—Ç–µ–π,19
–ß—É–¥–µ—Å–∞: –¢—Ä–∏ –≤ —Ä—è–¥!,19
–†–æ–º–∞—à–∫–æ–≤–æ,18
http://m.dgvg.ru/dl,18
–ú–∞—Å—Å–∞–∂ –≤ —É—é—Ç–Ω–æ–π –¥–æ–º–∞—à–Ω–µ–π –∞—Ç–º–æ—Å—Ñ–µ—Ä–µ,18
–í–û–ó–í–†–ê–¢ –ü–û–†–ß–ò –ù–ê –ö–õ–ê–î–ë–ò–©–ï,18
–ú–æ–π –î—Ä–∞–∫–æ–Ω,18
–§–æ—Ç–æ–≥—Ä–∞—Ñ–∏–∏ –†–æ–∂–¥–µ–Ω–Ω—ã–µ –≤ –°–°–°–†  - –ú–æ–π –ú–∏—Ä@Mail.ru,18
–§–æ—Ç–æ –∞–≤—Ç–æ—Ä–∞ –í–ª–∞–¥–∏–º–∏—Ä –°–º–∏—Ä–Ω–æ–≤ –Ω–∞ –Ø–Ω–¥–µ–∫—Å.–§–æ—Ç–∫–∞—Ö,18
"28¬†—É—é—Ç–Ω—ã—Ö –¥–æ–º–æ–≤, –ø–æ—Å—Ç—Ä–æ–µ–Ω–Ω—ã—Ö —Å–≤–æ–∏–º–∏ —Ä—É–∫–∞–º–∏",18
–ê–ª—å-–ö–∞–∏–¥–∞ - –¶–µ–ª—å ‚Ññ1,18
–°–æ–∫—Ä–æ–≤–∏—â–∞ –ü–∏—Ä–∞—Ç–æ–≤ - 3 –≤ —Ä—è–¥!,18
–§–æ—Ç–æ –∞–≤—Ç–æ—Ä–∞ BoykoOD –Ω–∞ –Ø–Ω–¥–µ–∫—Å.–§–æ—Ç–∫–∞—Ö,18
–ü—Ä–∏–ª–æ–∂–µ–Ω–∏—è –≤ Google Play ‚Äì –û–Ω–ª–∞–π–Ω –¥—É—Ä–∞–∫ - —Ç—É—Ä–Ω–∏—Ä,18
DJOktava | –°–ø—Ä–∞—à–∏–≤–∞–π.—Ä—É,18
–ü—Ä–∏–ª–æ–∂–µ–Ω–∏—è –Ω–∞ Google Play ‚Äì –§–∏–ª–≤–æ—Ä–¥—ã: –ø–æ–∏—Å–∫ —Å–ª–æ–≤,18
Clash Tyrane,18
–°–º–µ—à–Ω—ã–µ –∫–∞—Ä—Ç–∏–Ω–∫–∏ - —Å–º–æ—Ç—Ä–∏ –∏ –æ—Ç–≥–∞–¥—ã–≤–∞–π!,18
–§–æ—Ç–æ –∞–≤—Ç–æ—Ä–∞ ya.tatiana-ru –Ω–∞ –Ø–Ω–¥–µ–∫—Å.–§–æ—Ç–∫–∞—Ö,18
–ü–æ–∫–µ—Ä: –¢–µ—Ö–∞—Å—Å–∫–∏–π —Ö–æ–ª–¥–µ–º,18
–° –¥–æ–±—Ä—ã–º —É—Ç—Ä–æ–º:),17
5898182,17
"–†–ò–¢–£–ê–õ ""–î–´–ú –í–£–î–£ –ù–ê –ü–†–ò–í–õ–ï–ß–ï–ù–ò–ï –î–ï–ù–ï–ì –ò –û–ë–†–ï–¢–ï–ù–ò–ï –ò–°–¢–û–ß–ù–ò–ö–ê –î–û–•–û–î–û–í"" #–¥–µ–Ω–µ–∂–Ω–∞—è–º–∞–≥–∏—è #–º–∞–≥–∏—è–≤—É–¥—É",17
–ù–∞ —Å–∫–æ–ª—å–∫–æ —Ç—ã –≤—ã–≥–ª—è–¥–∏—à—å?),17
–ë–æ—Å–æ–Ω–æ–∂–∫–∏,17
5619682,17
–ë—Ä–∞—Å–ª–µ—Ç —Å–µ—Ä–µ–±—Ä–æ,17
–°–ª–æ—Ç–æ–º–∞–∫—Å ‚Äî –ù–æ–≤—ã–µ –∏–≥—Ä–æ–≤—ã–µ –∞–≤—Ç–æ–º–∞—Ç—ã,17
–ù–∞–Ω–æ-—Ñ–µ—Ä–º–∞: –∏—Å—Ç–æ—Ä–∏–∏ –±–æ–ª–µ–∑–Ω–µ–π,17
–ú–æ—Ä—Å–∫–æ–π –±–æ–π,17
–î—Ä–∞–≥–æ—Ü–µ–Ω–Ω—ã–µ –ö–∞–º–Ω–∏,17
–í–µ—Ä—å –≤ —Å–µ–±—è!,17
Oriflame,17
51807815,17
jryazanova,17
"–Æ–ª–∞ - –¥–æ—Å–∫–∞ –æ–±—ä—è–≤–ª–µ–Ω–∏–π –≤ –ú–æ—Å–∫–≤–µ, –±–µ—Å–ø–ª–∞—Ç–Ω—ã–µ —á–∞—Å—Ç–Ω—ã–µ –æ–±—ä—è–≤–ª–µ–Ω–∏—è",17
–ü—Ä–∏–∑ –∫–∞–∂–¥—ã–π –¥–µ–Ω—å –æ—Ç Proskater.ru,17
http://vk.com/varwars?ad_id=wall277798844_277798844,17
–¢–∞–π–Ω—ã –í—Ä–µ–º–µ–Ω–∏ - –£–∑–Ω–∞–π —Å–µ–∫—Ä–µ—Ç!,17
–ê–Ω–∞–≥—Ä–∞–º–∫–∞,17
JoyReactor - —Å–º–µ—à–Ω—ã–µ –∫–∞—Ä—Ç–∏–Ω–∫–∏,17
51781947,17
"–ö–∞—Ä—Ç–∞ —Ä–∞—Å—Å—Ä–æ—á–∫–∏ ""–•–∞–ª–≤–∞"" ‚Äî –ù–∞—Ç–∞–ª—å—è –®–∞—Ä–∞–Ω–≥–æ–≤–∏—á",16
–ü—Ä–∏–≥–ª–∞—Å–∏ –¥—Ä—É–≥–∞,16
–ü–†–ò–í–û–†–û–¢ –° –ö–û–†–û–õ–ï–í–û–ô –í–£–î–£ –ú–ê–†–ò–ï–ô –õ–ê–í–û,16
–ñ–º–∏ –Ω–∞ –ª–∞–º—É ‚Äî –∑–∞–±–µ—Ä–∏ —Å—Ç–∏–∫–µ—Ä—ã,16
The World of Crypto Clones ‚Äî Profit 365,16
–§–æ—Ç–æ –∞–≤—Ç–æ—Ä–∞ markelova-natalija –Ω–∞ –Ø–Ω–¥–µ–∫—Å.–§–æ—Ç–∫–∞—Ö,16
–í—ã –≤—Ä–µ–º–µ–Ω–Ω–æ –∑–∞–±–ª–æ–∫–∏—Ä–æ–≤–∞–Ω—ã,16
"–ë–æ–ª—å—à–µ —á–µ–º –∫–∞—Ä—Ç–∞ ""Opencard""",16
–°–ª–∏—à–∫–æ–º –º–Ω–æ–≥–æ –∑–Ω–∞–µ—à—å? –û–±–º–µ–Ω—è–π —Å–≤–æ–∏ –∑–Ω–∞–Ω–∏—è –Ω–∞ –¥–µ–Ω—å–≥–∏!,16
–ü—Ä–∏–≥–ª–∞—à–µ–Ω–∏–µ –≤ –∫–ª–∞–Ω - Clash Royale,16
"‚ñ∫ –í–∏–¥–µ–æ–∞–ª—å–±–æ–º ""–í—Å–µ —Ñ–æ—Ç–æ""",16
51722497,16
–§—Ä—É–∫—Ç–æ–≤–∞—è –°—Ç—Ä–∞–Ω–∞ Fruit Land: —Ç—Ä–∏ –≤ —Ä—è–¥,16
‚Ä¢ –ü–æ—Å–µ—Ç–∏—Ç–µ–ª–∏ –∏ –î—Ä—É–∑—å—è ‚Äî –ê–Ω–∞–ª–∏—Ç–∏–∫–∞ –∏ –¢–û–ü,16
51780868,16
–ú–∏—Ä –í–µ—Å—Ç–µ—Ä–Ω–∞,16
‚úî –ú–æ–∏ –ì–æ—Å—Ç–∏ –∏ –î—Ä—É–∑—å—è,16
–§–æ—Ç–æ –∞–≤—Ç–æ—Ä–∞ Ankorstil –Ω–∞ –Ø–Ω–¥–µ–∫—Å.–§–æ—Ç–∫–∞—Ö,16
–ü—Ä–∏–ª–æ–∂–µ–Ω–∏—è –≤ Google Play ‚Äì –§–∏–ª–≤–æ—Ä–¥—ã: –ø–æ–∏—Å–∫ —Å–ª–æ–≤,16
Shazam,16
–û–±—Ä–∞–∑–æ–≤–∞—Ç–µ–ª—å–Ω—ã–µ –∫–æ–Ω–∫—É—Ä—Å—ã –¥–ª—è —É—á–µ–Ω–∏–∫–æ–≤,16
–ú–æ—ë –ö–æ—Ä–æ–ª–µ–≤—Å—Ç–≤–æ,16
–¢—É–∑–µ–º—Ü—ã - –æ—Ç–ª–∏—á–Ω–∞—è –∏–≥—Ä–∞!,15
–° –¥–æ–±—Ä—ã–º —É—Ç—Ä–æ–º :),15
–ü—Ä–µ–¥–≤–∞—Ä–∏—Ç–µ–ª—å–Ω–æ–µ –≥–æ–ª–æ—Å–æ–≤–∞–Ω–∏–µ 2021,15
- Diana Savinova on BIGO LIVE,15
–ú–æ—è –§–µ—Ä–º–∞,15
BrockerTrade - –ó–∞—Ä–µ–≥–∏—Å—Ç—Ä–∏—Ä—É–π—Ç–µ—Å—å –∏ –ø–æ–ª—É—á–∏—Ç–µ —Å—Ç–∞—Ä—Ç–æ–≤—ã–π –∫–∞–ø–∏—Ç–∞–ª –≤ –ø–æ–¥–∞—Ä–æ–∫ 100$,15
–°–ª–∞–≤—è–Ω–µ: –§–µ—Ä–º–∞,15
–ó–∞–¥–∞–π –º–Ω–µ –≤–æ–ø—Ä–æ—Å | ask.fm/ASP,15
–Å–ª–æ—á–∫–∞ 2016: –í—Ä–µ–º—è –£—Ä–æ–∂–∞—è!,15
–Æ–ª–∞ - —Å–µ—Ä–≤–∏—Å –æ–±—ä—è–≤–ª–µ–Ω–∏–π,15
–ö—É—Ä—Å ‚Äî ¬´–ü–æ–≥–æ–≤–æ—Ä–∏–º –æ –º—É–∑—ã–∫–µ?¬ª (–ë–µ–∑ —Å–ª—ë–∑ –∏ —Ç—Ä–µ–ø–µ—Ç–∞) | –ü–£–ù–ö–¢–£–ú,15
51806509,15
–í–æ–π–¥–∏—Ç–µ –Ω–∞ Facebook | Facebook,15
–¢—é—Ä—è–≥–∞,15
–ù–∞–π–¥–∏—Ç–µ –æ—Ç–ª–∏—á–∏—è –Ω–∞ –¥–≤—É—Ö –∫–∞—Ä—Ç–∏–Ω–∫–∞—Ö,15
–Ø–∑—ã–∫–æ–≤—ã–µ –º–∞—Ä–∞—Ñ–æ–Ω—ã SpeakASAP ‚Äì –ò—Ç–∞–ª—å—è–Ω—Å–∫–∏–π —è–∑—ã–∫,15
–î—É–¥–ª –§–ª–∞–π - –û—Ö–æ—Ç–∞ –Ω–∞ –º–æ–Ω—Å—Ç—Ä–æ–≤,15
–ö–∞—Ä—Ç–∞ —Ä–∞—Å—Å—Ä–æ—á–∫–∏,15
–°–æ–∫—Ä–æ–≤–∏—â–µ –ø–∏—Ä–∞—Ç–æ–≤: —Ç—Ä–∏-–≤-—Ä—è–¥!,15
WOTA 3D –û–Ω–ª–∞–π–Ω –®—É—Ç–µ—Ä (MMO RPG FPS),15
"–ö–∞—Ä—Ç–∞ –†–∞—Å—Å—Ä–æ—á–∫–∏ ""–°–≤–æ–±–æ–¥–∞""",15
"–•—Ä–∞–±—Ä–æ–µ –ó–≤–µ–Ω–æ :: –î–µ–≤—á–æ–Ω–∫–∏ –Ω–∞ —Å–∞–º–æ–ª–µ—Ç–∞—Ö –ø—Ä–æ—Ç–∏–≤ –ü—Ä–∏—à–µ–ª—å—Ü–µ–≤, –∏–≥—Ä–∞ –¥–ª—è iOS, Android",15
–û–ø–ª–æ—Ç –ò–º–ø–µ—Ä–∏–∏,15
–ü—Ä–æ—Ä–∏—Ü–∞–Ω–∏–µ –Ω–∞ –î–æ—Å–∫–µ –ò—Ñ—ã,15
–õ—É—á—à–∏–µ –º–æ–º–µ–Ω—Ç—ã 2016,15
–ê–π–î–∞–ü—Ä–∏–∫–æ–ª :),15
–ö–æ—Ç–µ–Ω–æ–∫. –û–±–æ–∏ –¥–ª—è —Ä–∞–±–æ—á–µ–≥–æ —Å—Ç–æ–ª–∞,15
–†–∞—Å–∫—Ä–∞—Å—å –º–µ–Ω—è: –ò—Å—Ç–æ—Ä–∏–∏!,14
–ò–∑ –∫–æ–ª–ª–µ–∫—Ü–∏–∏ ¬´–ü—Ä–∏—Ä–æ–¥–∞¬ª,14
–†–ò–ê –ù–æ–≤–æ—Å—Ç–∏ on Twitter,14
3D –ü–†–û–î–ê–ñ–ò. –°—Ç–∞–Ω—å –õ—É—á—à–∏–º!,14
–ò–º–ø–µ—Ä–∏—è –°–ø–∞—Å–∏–±–æ,14
–£–≤–µ–¥–æ–º–ª–µ–Ω–∏–µ –æ –ø–µ—Ä–µ–∞–¥—Ä–µ—Å–∞—Ü–∏–∏,14
magictree1.jpg,14
–ü–æ–¥–≥—É–∑–Ω–∏–∫–∏,14
–î–ª–∏–Ω–Ω—ã–µ –ù–∞—Ä–¥—ã,14
Pagetester,14
–ë–∏—Ç–≤–∞ –ì–æ—Ä–æ–¥–æ–≤ Warface,14
–ù–æ–≤–æ—Å—Ç–∏ | –ò–Ω–Ω–æ–≤–∞—Ü–∏–æ–Ω–Ω—ã–π –∫–∞–¥—Ä–æ–≤—ã–π —Ü–µ–Ω—Ç—Ä,14
–¢–≤–æ—è –≥–≤–æ–∑–¥–∏–∫–∞ - —Ç–≤–æ—è –ø–∞–º—è—Ç—å,14
http://thetribez.divogames.com/vk.php?picture=http%3A%2F%2Fthetribez.divogames.com%2Fpub%2Fpng%2Ffb%..,14
–ö—Ä–µ–¥–∏—Ç–Ω–∞—è –∫–∞—Ä—Ç–∞ Opencard,14
–¢–∏–Ω—å–∫–æ—Ñ—Ñ –¥–µ–ª–∞–µ—Ç –∂–∏–∑–Ω—å –ø—Ä–æ—â–µ ‚Äî —Ä–µ–∫–æ–º–µ–Ω–¥—É—é,14
–î–∂–∞–º–ø–µ—Ä,14
RUSSIA-Craft —Å–µ—Ä–≤–µ—Ä Minecraft,14
–ò–Ω—Ñ–æ—Ä–º–∞—Ü–∏—è,14
–¢–∞–π–Ω–æ–µ –û–±—â–µ—Å—Ç–≤–æ - –ó–∞–≥–∞–¥–æ—á–Ω–æ–µ –ò—Å—á–µ–∑–Ω–æ–≤–µ–Ω–∏–µ,14
–†–æ–∑—ã. –û–±–æ–∏ –¥–ª—è —Ä–∞–±–æ—á–µ–≥–æ —Å—Ç–æ–ª–∞,14
–®–ª–∏—Ñ–æ–≤—â–∏–∫,14
http://vk.com/elka_game,14
–ù–æ–≤–æ–≥–æ–¥–Ω—è—è –∏–≥—Ä–∞ 2018,14
"–ö—Ä–µ–¥–∏—Ç–Ω–∞—è –∫–∞—Ä—Ç–∞ ""–¢–∏–Ω—å–∫–æ—Ñ—Ñ –ü–ª–∞—Ç–∏–Ω—É–º""""",14
http://vk.com/livecards#waa,14
–°—Ç—Ä–æ–∏—Ç–µ–ª—å,14
–î—É–¥–ª –î–∂–∞–º–ø - –ô–µ—Ç–∏,14
"–í—ã–≥—Ä—É–∑–∏ —Ç–æ–≤–∞—Ä—ã –≤ –í–ö, –û–ö –∏ Facebook —Å –ª—é–±–æ–≥–æ —Å–∞–π—Ç–∞",13
–û—Å–≤–æ–±–æ–¥–∏ –∑–≤–µ–∑–¥—É –∏ –ø–æ–ª—É—á–∏ –ø—Ä–∏–∑! #–ú–∞–ª–µ–Ω—å–∫–∏–π–ü—Ä–∏–Ω—Ü,13
"–ü–∞—Ä—Ñ—é–º–µ—Ä–∏—è,–î—É—Ö–∏.–£–∫—Ä–∞–∏–Ω–∞.",13
–ó–∞–¥–∞–π –º–Ω–µ –≤–æ–ø—Ä–æ—Å | ask.fm/masha36p,13
–ó–∞–ø–∏—Å—å –Ω–∞ –∫–æ–Ω—Å—É–ª—å—Ç–∞—Ü–∏—é –ø–æ —Å–∫–∞–π–ø—É: mvsmvs68,13
–Å–ª–æ—á–∫–∞ 2018,13
–î–æ–±—Ä–æ–µ —É—Ç—Ä–æ!,13
"#LIKEapp –ö–∞–∫–æ–µ –∫–ª–∞—Å—Å–Ω–æ–µ –≤–∏–¥–µ–æ –æ–ø—É–±–ª–∏–∫–æ–≤–∞–ª @Masha Cet, –Ω–µ –º–æ–≥—É –Ω–µ –ø–æ–¥–µ–ª–∏—Ç—å—Å—è –∏–º!",13
–ü—Ä–∏–ª–æ–∂–µ–Ω–∏—è –Ω–∞ Google Play ‚Äì –ê–≤–∞—Ç–∞—Ä–∏—è,13
‚Ä¢ –ú–æ–∏ –≥–æ—Å—Ç–∏ ‚Ä¢ ‚Äî –¢–û–ü 15 + –ê–Ω–∞–ª–∏—Ç–∏–∫–∞,13
–õ—é–±–æ–≤—å üíò,13
–§—Ä—É–∫—Ç–æ–≤–∞—è –∏—Å—Ç–æ—Ä–∏—è,13
–§–æ—Ç–æ–≥—Ä–∞—Ñ–∏–∏ –ò–Ω—Ç–µ—Ä–µ—Å–Ω—ã–µ —Ñ–∞–∫—Ç—ã - –ú–æ–π –ú–∏—Ä@Mail.ru,13
–í–∑–∞–∏–º–Ω–æ–µ –∫—Ä–µ–¥–∏—Ç–æ–≤–∞–Ω–∏–µ Webtransfer,13
–§–æ—Ç–æ –∞–≤—Ç–æ—Ä–∞ –õ—é–±–æ–≤—å –í–æ–π–≤–æ–¥–∏—á –Ω–∞ –Ø–Ω–¥–µ–∫—Å.–§–æ—Ç–∫–∞—Ö,13
"–ë–µ—Å–ø–ª–∞—Ç–Ω–∞—è ""–ê–ª—å—Ñ–∞ –∫–∞—Ä—Ç–∞""",13
–ö—É—Ä—Å ¬´–î–∏–∫—Ç–∞—Ç –ú–æ–¥—ã¬ª —Å –ê–Ω–¥—Ä–µ–µ–º –î–º–∏—Ç—Ä–∏–µ–≤—ã–º-–†–∞–¥–≤–æ–≥–∏–Ω—ã–º ‚Äî –ü–£–ù–ö–¢–£–ú,13
–ü–†–ò–ì–õ–ê–°–ò–¢–ï–õ–¨–ù–´–ô –±–∏–ª–µ—Ç,13
–Å–ª–æ—á–∫–∞ 2019: –ö–∞—Ä–Ω–∞–≤–∞–ª –≤ –í–µ–Ω–µ—Ü–∏–∏,13
–ë–∏—Ç–≤–∞ –∑–∞ –¢—Ä–æ–Ω,13
–î–µ–±–µ—Ç–æ–≤–∞—è –∫–∞—Ä—Ç–∞ –æ—Ç –†–æ–∫–µ—Ç–±–∞–Ω–∫–∞ ‚Äî –ù–∞—Ç–∞–ª—å—è –®–∞—Ä–∞–Ω–≥–æ–≤–∏—á,13
"–ö—É–ø–∏—Ç—å –Ω–∞—Ç—É—Ä–∞–ª—å–Ω—ã–π (–ø—Ä–∏—Ä–æ–¥–Ω—ã–π) –∫–∞–º–µ–Ω—å –æ–ø—Ç–æ–º –æ—Ç –ø—Ä–æ–∏–∑–≤–æ–¥–∏—Ç–µ–ª—è, –≤—ã–≥–æ–¥–Ω–∞—è —Ü–µ–Ω–∞ –≤ –°–æ—á–∏",13
–î–µ–±–µ—Ç–æ–≤–∞—è –∫–∞—Ä—Ç–∞ –æ—Ç –¢–∏–Ω—å–∫–æ—Ñ—Ñ –ë–∞–Ω–∫–∞ ‚Äî –ù–∞—Ç–∞–ª—å—è –®–∞—Ä–∞–Ω–≥–æ–≤–∏—á,13
–¢–∞–π–Ω—ã –ü—Ä–æ—à–ª–æ–≥–æ,13
–î–µ–±–µ—Ç–æ–≤–∞—è –∫–∞—Ä—Ç–∞ –æ—Ç –•–æ—É–º –ö—Ä–µ–¥–∏—Ç –ë–∞–Ω–∫–∞,13
–§–æ—Ç–æ –∞–≤—Ç–æ—Ä–∞ ravile2 –Ω–∞ –Ø–Ω–¥–µ–∫—Å.–§–æ—Ç–∫–∞—Ö,13
–ö–ª–∏–ø –ú–∞—Å—Ç–µ—Ä - –≤–∏–¥–µ–æ —Ä–æ–ª–∏–∫–∏ –∏–∑ —Ñ–æ—Ç–æ —Å–≤–æ–∏–º–∏ —Ä—É–∫–∞–º–∏,13
–ò–∑ –∫–æ–ª–ª–µ–∫—Ü–∏–∏ ¬´o—Å–µ–Ω—å¬ª,13
"–ù–∞—Å—Ç–æ—è—â–∏–π Geiminator: –∏–≥—Ä–æ–≤—ã–µ –∞–≤—Ç–æ–º–∞—Ç—ã, –∫–æ—Ç–æ—Ä—ã–µ ",13
–ü–æ–º–æ—â–Ω–∏–∫ –æ—Ç–≤–µ—Ç—Å—Ç–≤–µ–Ω–Ω–æ–≥–æ —Ä–æ–¥–∏—Ç–µ–ª—è: —Ä–µ–ø–µ—Ç–∏—Ç–æ—Ä—ã –æ–Ω–ª–∞–π–Ω,13
https://vk.com/id87939803,13
–õ–æ–≤—É—à–∫–∞ —Ä–∞–∑—É–º–∞,13
–®–æ–∫–æ–ª–∞–¥_DolceVita –≤ Viber,13
"–ó–∞–ø–∏—Å—å –æ—Ç–∫—Ä—ã—Ç–æ–≥–æ –≤–µ–±–∏–Ω–∞—Ä–∞ –ú–∏—Ö–∞–∏–ª–∞ –°—Ç–∞—Ä–æ—Å–µ–ª—å—Å–∫–æ–≥–æ ""–í–æ–ª—à–µ–±—Å—Ç–≤–æ –≤ –Ω–∞—à–µ–º –¥–æ–º–µ""",13
Tinkoff Black ‚Äî –ø–æ–ª—å–∑—É–π—Ç–µ—Å—å –±–∞–Ω–∫–æ–º –±–µ—Å–ø–ª–∞—Ç–Ω–æ,13
–§–æ—Ç–æ –∞–≤—Ç–æ—Ä–∞ –°–µ—Ä–µ–Ω—å–∫–∏–π –Ω–∞ –Ø–Ω–¥–µ–∫—Å.–§–æ—Ç–∫–∞—Ö,13
–°–≤–µ—Ç–ª–∞–Ω–∞ –ê–Ω–∞—Ç–æ–ª—å–µ–≤–Ω–∞ –ü–†–ò–ì–õ–ê–®–ê–ï–¢ –í–ê–° –ü–†–ò–°–û–ï–î–ò–ù–ò–¢–¨–°–Ø –ö ORIFLAME,13
–ü–æ–¥–¥–µ—Ä–∂–∫–∞ –ø—Ä–æ–¥–∞–∂ ‚Äì –†–∞–∑–¥–µ–ª –¥–ª—è –ö–æ–Ω—Å—É–ª—å—Ç–∞–Ω—Ç–æ–≤,13
–ü—Ä–∏—Å–æ–µ–¥–∏–Ω—è–π—Ç–µ—Å—å –∫ –Ω–æ–≤–æ–π –ü—Ä–æ–≥—Ä–∞–º–º–µ –ª–æ—è–ª—å–Ω–æ—Å—Ç–∏ ¬´–ó–ê–ü–†–ê–í–¨–°–Ø –í–´–ì–û–î–û–ô¬ª! –ë–æ–ª—å—à–µ –≤–æ–∑–º–æ–∂–Ω–æ—Å—Ç–µ–π –¥–ª—è –∞–∫—Ç–∏–≤–Ω—ã—Ö –£—á–∞—Å—Ç–Ω–∏–∫–æ–≤!,13
bitlead.pro - –≤—ã—Å–æ–∫–∏–π –∏ —Å—Ç–∞–±–∏–ª—å–Ω—ã–π –¥–æ—Ö–æ–¥.,13
–°–æ–±–∞–∫–∞,13
–¢–µ–ø–µ—Ä—å —è –∏–≥—Ä–∞—é –≤ –¢—Ä–æ–ø–∏—á–µ—Å–∫–∏–π –æ—Å—Ç—Ä–æ–≤!,12
Likee - Formerly LIKE Video,12
11x11 - –Ω–∞—Å—Ç–æ—è—â–∏–π —Ñ—É—Ç–±–æ–ª!,12
–ò–Ω—Ç–µ-–ì—Ä–∞—Ü–∏—è —Å –ù–∞—Ç–∞–ª—å–µ–π –¢–∞—Ä–∞–Ω–∂–∏–Ω–æ–π,12
–ß—É–¥–µ—Å–∞: –í –º–∏—Ä–µ —Å–∫–∞–∑–æ–∫,12
–°–ª–æ–≤–µ—Å–Ω—ã–π –°–æ—É—Å,12
51794623,12
–ö–∞–∫ –∑–∞—â–∏—Ç–∏—Ç—å—Å—è –æ—Ç –º–æ—à–µ–Ω–Ω–∏–∫–æ–≤?,12
–ò–≤–∞–Ω –û—Ö–ª–æ–±—ã—Å—Ç–∏–Ω,12
"""–ò–ó–ú–ï–ù–ê"" –ì–ê–î–ê–ù–ò–ï –ù–ê –ö–ê–†–¢–ê–• –¢–ê–†–û",12
–ë—É—Ö–≥–∞–ª—Ç–µ—Ä,12
–í–ö–õ–Æ–ß–ê–¢–ï–õ–¨,12
–†–æ–¥–∏–Ω–∞: –í–µ—Å–Ω–∞ –Ω–∞ —Ñ–µ—Ä–º–µ!,12
–°—Ç—Ä–∞–∂,12
–ë—É—Å—ã –∏–∑ –Ω–∞—Ç—É—Ä–∞–ª—å–Ω–æ–π –±–∏—Ä—é–∑–∞—ã,12
"‚ñ∫ –í–∏–¥–µ–æ–∞–ª—å–±–æ–º ""–ü—Ä–∏–≤–µ—Ç!""",12
~‚≠êÔ∏èShuhua‚≠êÔ∏è~–ü–æ–¥–ø–∏—à–∏—Å—å –Ω–∞ –õ–∞–π–∫–µ—Ä–∞ –≤ –ø—Ä–∏–ª–æ–∂–µ–Ω–∏–∏ LIKE –∏ –Ω–µ –ø—Ä–æ–ø—É—Å—Ç–∏ —Å–ª–µ–¥—É—é—â–µ–≥–æ —à–æ—É,12
–†—É–±–∏–Ω–æ–≤–∞—è –ª–∏—Ö–æ—Ä–∞–¥–∫–∞,12
–ò–Ω–¥–∏ –ö–æ—Ç,12
–£—Å—Ç–∞–Ω–æ–≤–∏ –ø—Ä–∏–ª–æ–∂–µ–Ω–∏–µ BURGER KING,12
–ö–∞–ø—Ä–∏,12
–ö–æ—Ä–ø–æ—Ä–∞—Ü–∏—è –û–±–µ–∑—å—è–Ω,12
–Å–ª–æ—á–∫–∞ 2019: –ö–∏—Ç–∞–π—Å–∫–∏–π –ù–æ–≤—ã–π –≥–æ–¥,12
–ö–æ—Ç –≤ —Å–∞–ø–æ–≥–∞—Ö,12
–ö–∞–∑–∏–Ω–æ S&H: –°–ª–æ—Ç—ã –∏ –ö–∞—Ä—Ç–æ—á–Ω—ã–µ –∏–≥—Ä—ã,12
–ö–∞—Ä–∏–Ω–∞ –ì—Ä–æ—à–∫–æ–≤–∞ –≠—Ç–æ –≤–∏–¥–µ–æ –ø—Ä–æ—Å—Ç–æ —Å—É–ø–µ—Ä! –ù–µ –º–æ–≥—É –æ—Ç–æ—Ä–≤–∞—Ç—å—Å—è!,12
–ë—É—Ç—ã–ª–æ—á–∫–∞üíã –∑–Ω–∞–∫–æ–º—å—Å—è –∏ –æ–±—â–∞–π—Å—è!,12
–ó–∞–≥–∞–¥–∫–∏: –≤–æ–ª—à–µ–±–Ω–∞—è –∏—Å—Ç–æ—Ä–∏—è,12
–§–æ—Ç–æ –∞–≤—Ç–æ—Ä–∞ Rada-707 –Ω–∞ –Ø–Ω–¥–µ–∫—Å.–§–æ—Ç–∫–∞—Ö,12
"Kwai, –≤—ã–≥–ª—è–¥–∏—Ç –æ—Ç–ª–∏—á–Ω–æ.",12
–û—Ç–∫—Ä—ã—Ç–∫–∏ –Ω–∞ kards.qip.ru - –ü–æ–∂–µ–ª–∞–Ω–∏—è - –° –¥–æ–±—Ä—ã–º —É—Ç—Ä–æ–º!,12
- ü•Ä on BIGO LIVE,12
–°–º–µ–π—Å—è –¥–æ —Å–ª—ë–∑,12
–°–∏–º–≤–æ–ª VK Fest 5,12
–ò–∑ –∫–æ–ª–ª–µ–∫—Ü–∏–∏ ¬´–î–µ–≤—É—à–∫–∏¬ª,12
–ü—Ä–∏–ª–æ–∂–µ–Ω–∏—è –≤ Google Play ‚Äì –ü–æ–≤–∞—Ä –°–ª–æ–≤ - –°–æ—Å—Ç–∞–≤—å —Å–ª–æ–≤–∞ –∏–∑ –Ω–∞–±–æ—Ä–∞ –±—É–∫–≤,12
–ì–æ—Ä–æ—Å–∫–æ–ø –¥–ª—è –í–µ—Å–æ–≤ –Ω–∞ —Å–µ–≥–æ–¥–Ω—è,12
–í–æ–¥–æ–ø–∞–¥. –û–±–æ–∏ –¥–ª—è —Ä–∞–±–æ—á–µ–≥–æ —Å—Ç–æ–ª–∞,12
–ú–ê–¢–ß! –ö–ª—É–±,12
–û–¥–Ω–æ–∫–ª–∞—Å—Å–Ω–∏–∫–∏,12
–∫—É—Ä—Å ¬´–î–∏–∫—Ç–∞—Ç –ú–æ–¥—ã¬ª —Å –ê–Ω–¥—Ä–µ–µ–º –î–º–∏—Ç—Ä–∏–µ–≤—ã–º-–†–∞–¥–≤–æ–≥–∏–Ω—ã–º | –ü–£–ù–ö–¢–£–ú,12
     –û—Ç—á–µ—Ç—ã  ~  3-–π –ú–∞—Ä–∞—Ñ–æ–Ω –ñ–µ–Ω—Å—Ç–≤–µ–Ω–Ω–æ—Å—Ç–∏ 2014 –≥–æ–¥–∞ –æ—Ç –ê–ª–µ–∫—Å–µ—è –∏ –û–ª—å–≥–∏ –í–∞–ª—è–µ–≤—ã—Ö    ,12
–û—Ç–∫—Ä—ã—Ç–∫–∏ –∑–∞–≥—Ä—É–∂–µ–Ω–Ω—ã–µ –ø–æ–ª—å–∑–æ–≤–∞—Ç–µ–ª–µ–º ***–ï–õ–ï–ù–ê ***–ù–ï–ë–ï–°–ê**. C—Ç—Ä–∞–Ω–∏—Ü–∞ 198,11
–î–µ–±–µ—Ç–æ–≤—ã–µ –∫–∞—Ä—Ç—ã –æ—Ç –æ–¥–Ω–æ–≥–æ –∏–∑ –≤–µ–¥—É—â–∏—Ö –±–∞–Ω–∫–æ–≤ –†–æ—Å—Å–∏–∏,11
–õ–µ–≥–∏—Ç–∏–º–Ω—ã–π,11
–°–ª–æ—Ç–æ–§–µ—Ä–º–∞ - –ò–≥—Ä–æ–≤—ã–µ –∞–≤—Ç–æ–º–∞—Ç—ã –∫–∞–∑–∏–Ω–æ,11
–¢–ï–ê–¢–†–ê–õ–¨–ù–´–ï –õ–Æ–î–ò,11
–ö–æ—Ç—è—Ç–∞. –û–±–æ–∏ –¥–ª—è —Ä–∞–±–æ—á–µ–≥–æ —Å—Ç–æ–ª–∞,11
51816883,11
–§–æ—Ç–æ –∞–≤—Ç–æ—Ä–∞ sergej-mazaev –Ω–∞ –Ø–Ω–¥–µ–∫—Å.–§–æ—Ç–∫–∞—Ö,11
–¢—Ä–∞–≥–µ–¥–∏—è –ë–µ–ª–æ–∫,11
"–ü–ï–†–ï–î–ê–ô –ù–ê–®–ò–ú‚úä –û–ö–û ""–í—Ç–æ—Ä–æ–π –î–æ–Ω—Å–∫–æ–π.""",11
–ö—Ä–∞—Å–Ω—ã–µ —Ä–æ–∑—ã. –û–±–æ–∏ –¥–ª—è —Ä–∞–±–æ—á–µ–≥–æ —Å—Ç–æ–ª–∞,11
–û—Ç–∫—Ä—ã—Ç–∫–∏ –∑–∞–≥—Ä—É–∂–µ–Ω–Ω—ã–µ –ø–æ–ª—å–∑–æ–≤–∞—Ç–µ–ª–µ–º ***–ï–õ–ï–ù–ê ***–ù–ï–ë–ï–°–ê**. C—Ç—Ä–∞–Ω–∏—Ü–∞ 11,11
WARFACE: –†–æ–π –≤ –≥–æ—Ä–æ–¥–µ,11
"–ö—Ä–µ–¥–∏—Ç–Ω–∞—è –∫–∞—Ä—Ç–∞ ""–ú–æ–∂–Ω–æ–í–°–ï""",11
–ó–∞—â–∏—Ç–Ω–æ–µ —Å—Ç–µ–∫–ª–æ –¥–ª—è —Ç–µ–ª–µ—Ñ–æ–Ω–∞,11
–ö–æ—Ç—ë–Ω–æ–∫. –û–±–æ–∏ –¥–ª—è —Ä–∞–±–æ—á–µ–≥–æ —Å—Ç–æ–ª–∞,11
–í–æ–ª—à–µ–±–Ω–æ–µ –ø—Ä–∏–∫–ª—é—á–µ–Ω–∏–µ: –¢—Ä–∏ –≤ —Ä—è–¥,11
"–î–µ–±–µ—Ç–æ–≤–∞—è –∫–∞—Ä—Ç–∞ ""–ú–æ–∂–Ω–æ –í–°–Å""",11
–∞–º–∞–∑–æ–Ω–∫–∞ –æ–¥–µ–∂–¥–∞ –¥–ª—è –≤–µ—Ä—Ö–æ–≤–æ–π –µ–∑–¥—ã - –Ø–Ω–¥–µ–∫—Å.–ö–∞—Ä—Ç–∏–Ω–∫–∏ #yandeximages,11
‚Ä¢ –†–µ—Ü–µ–ø—Ç—ã ‚Äî –î–æ–±–∞–≤—å –Ω–∞ —Å—Ç–µ–Ω—É,11
‚ô• –°—Ç–∞—Ç–∏—Å—Ç–∏–∫–∞: –≥–æ—Å—Ç–∏ –∏ –¥—Ä—É–∑—å—è!,11
–ú–∞–ª–∏–Ω–æ–≤—ã–π –î–∂–µ–º: —Ç—Ä–∏ –≤ —Ä—è–¥,11
–û—Ç–∫—Ä—ã—Ç–∫–∏ –∑–∞–≥—Ä—É–∂–µ–Ω–Ω—ã–µ –ø–æ–ª—å–∑–æ–≤–∞—Ç–µ–ª–µ–º ***–ï–õ–ï–ù–ê ***–ù–ï–ë–ï–°–ê**. C—Ç—Ä–∞–Ω–∏—Ü–∞ 14,11
–°—á–∞—Å—Ç–ª–∏–≤–∞—è —Ñ–µ—Ä–º–∞,11
–£–¥–∞—á–Ω—ã–π —Å–µ–∑–æ–Ω,11
–¢–∞—Ç—å—è–Ω–∞ —Ç–∞—Ä–∞–Ω–æ–≤–∞ @TatyanaTaranova,11
–ê–≤–∞—Ç–∞—Ä–∏—è - Android Apps on Google Play,11
–û—Ç–∫—Ä—ã—Ç–∫–∏ –∑–∞–≥—Ä—É–∂–µ–Ω–Ω—ã–µ –ø–æ–ª—å–∑–æ–≤–∞—Ç–µ–ª–µ–º ***–ï–õ–ï–ù–ê ***–ù–ï–ë–ï–°–ê**. C—Ç—Ä–∞–Ω–∏—Ü–∞ 10,11
–ö–∞–¥—Ä –∏–∑ —Ñ–∏–ª—å–ºa ¬´–°—É–º–µ—Ä–∫–∏. –°–∞–≥–∞. –†–∞—Å—Å–≤–µ—Ç: –ß–∞—Å—Ç—å 2¬ª (2012),11
‚Ä¢ –ì–æ—Å—Ç–∏ ‚Ä¢ –ü–µ—Ä–µ–ø–∏—Å–∫–∏ ‚Ä¢ –õ–∞–π–∫–∏ ‚Ä¢,11
–ö–æ—Ä–æ–ª–µ–≤—Å—Ç–≤–æ –°–∞–º–æ—Ü–≤–µ—Ç–æ–≤,11
–†–∞–∑–¥–µ–ª–∏—Ç–µ —Å –¥—Ä—É–∑—å—è–º–∏ –∏—Ç–æ–≥–∏ –≥–æ–¥–∞,11
–¢–µ—Å—Ç –ø–æ–ª–∏—Ç–∏—á–µ—Å–∫–∏—Ö –≤–∑–≥–ª—è–¥–æ–≤,11
–ê–≤–∞—Ç–∞—Ä–∏—è - —Å—Ç—Ä–∞–Ω–∞ –∞–≤–∞—Ç–∞—Ä–æ–≤,11
–Å–ª–æ—á–∫–∞ 2017:  –ê–ª—å–ø–∏–π—Å–∫–∏–µ –õ—É–≥–∞,11
–í–µ–≥–∞—Å (–∏–≥—Ä–æ–≤—ã–µ –∞–≤—Ç–æ–º–∞—Ç—ã),11
–£–∫—Ä–∞—à–µ–Ω–∏–µ –Ω–∞ —Å–≤–∞–¥–µ–±–Ω—É—é –º–∞—à–∏–Ω—É,11
Join our Cloud HD Video Meeting,11
–¢—Ä–æ–ø–∏–∫–∞–Ω–∏—è,11
–ü—Ä–∏–ª–æ–∂–µ–Ω–∏—è –≤ Google Play ‚Äì Pandao ‚Äî –ø–æ–∫—É–ø–∞–π –≤—ã–≥–æ–¥–Ω–æ,11
–Æ–ª–∞ ‚Äì –ø–æ–ª—É—á–∏ –±–æ–Ω—É—Å—ã –≤ –ø–æ–¥–∞—Ä–æ–∫,11
Likee - –ü—Ä–∏–≥–ª–∞—à–µ–Ω–∏–µ –æ—Ç —Ç–≤–æ–µ–≥–æ –¥—Ä—É–≥–∞,11
–ú–∞–¥–∞–≥–∞—Å–∫–∞—Ä,11
–ü–æ–¥–±–æ—Ä–∫–∞ —Ç—É—Ä–æ–≤,11
–ü–æ–∑–∏—Ç–∏–≤–Ω–æ–µ —Å–æ–ª–Ω—ã—à–∫–æ!,11
–ù–∞–π–¥–∏ –∫–æ—Ç—ç!,10
–ü–æ–¥—Å–ª—É—à–∞–Ω–æ ‚Äî –æ—Ñ–∏—Ü–∏–∞–ª—å–Ω–æ–µ –ø—Ä–∏–ª–æ–∂–µ–Ω–∏–µ,10
–ù–∞–π—Ç–∏ –ø—Ä–µ–¥–º–µ—Ç—ã,10
üü¢–ö—Ä–æ–∫–≤–æ—Ä–¥,10
"–û–±—É—á–µ–Ω–∏–µ –º–∞–Ω–∏–∫—é—Ä—É –í–æ—Ä–æ–Ω–µ–∂, –≥–µ–ª—å-–ª–∞–∫, –∏–Ω—Å—Ç—Ä—É–∫—Ç–æ—Ä—Å–∫–∏–µ –∫—É—Ä—Å—ã, –±–∞–∑–æ–≤–æ–µ –Ω–∞—Ä–∞—â–∏–≤–∞–Ω–∏–µ, –∞–ø–ø–∞—Ä–∞—Ç–Ω—ã–π –º–∞–Ω–∏–∫—é—Ä, –º–∞—Å—Ç–µ—Ä–∞ –º–∞–Ω–∏–∫—é—Ä–∞, –ø–æ–≤—ã—à–µ–Ω–∏–µ –∫–≤–∞–ª–∏—Ñ–∏–∫–∞—Ü–∏–∏, –∫–æ–º–±–∏–Ω–∏—Ä–æ–≤–∞–Ω–Ω—ã–π –º–∞–Ω–∏–∫—é—Ä, –Ω–æ–≥—Ç–∏ –í–æ—Ä–æ–Ω–µ–∂, –∫—É—Ä—Å—ã –º–∞–Ω–∏–∫—é—Ä–∞",10
–ö–∞–∫ –±—ã –≤—ã –≤—ã–≥–ª—è–¥–µ–ª–∏ –≤ –æ–±–ª–∏–∫–µ –∫–∏–Ω–æ–∑–≤–µ–∑–¥—ã?,10
–¢–≤–∏—Ç / –¢–≤–∏—Ç—Ç–µ—Ä,10
–®–µ—Ä–ª–æ–∫: –ó–∞–≥–∞–¥–æ—á–Ω—ã–π –ê–ª—å–±–∏–æ–Ω,10
musical.ly - instant music videos,10
Jungle Heat,10
–û—Ç–∫—Ä—ã—Ç–∫–∏ –∑–∞–≥—Ä—É–∂–µ–Ω–Ω—ã–µ –ø–æ–ª—å–∑–æ–≤–∞—Ç–µ–ª–µ–º ***–ï–õ–ï–ù–ê ***–ù–ï–ë–ï–°–ê**. C—Ç—Ä–∞–Ω–∏—Ü–∞ 200,10
–¢–∞–π–Ω—ã –ü—Ä–æ—à–ª–æ–≥–æ 2!,10
UnlimGSM,10
–ü—Ä–∏—Å–æ–µ–¥–∏–Ω—è–π—Å—è –∫ –º–æ–µ–π –∫–æ–º–∞–Ω–¥–µ –Ω–∞ Workle,10
–ü–æ–∑–Ω–∞–∫–æ–º–∏–º—Å—è?,10
AppTools : –ø—Ä–æ–¥–≤–∏–∂–µ–Ω–∏–µ (—Ä–∞—Å–∫—Ä—É—Ç–∫–∞) –º–æ–±–∏–ª—å–Ω—ã—Ö –ø—Ä–∏–ª–æ–∂–µ–Ω–∏–π - –†–µ–≥–∏—Å—Ç—Ä–∞—Ü–∏—è,10
–î–∞–≤–∞–π –æ—Ç–∫—Ä—ã–≤–∞—Ç—å –∫–µ–π—Å—ã –≤–º–µ—Å—Ç–µ!,10
Piano Tiles 2,10
–û—Ç–∫—Ä—ã—Ç–∫–∏ –∑–∞–≥—Ä—É–∂–µ–Ω–Ω—ã–µ –ø–æ–ª—å–∑–æ–≤–∞—Ç–µ–ª–µ–º ***–ï–õ–ï–ù–ê ***–ù–ï–ë–ï–°–ê**. C—Ç—Ä–∞–Ω–∏—Ü–∞ 13,10
"–ö—Ä–µ–¥–∏—Ç–Ω–∞—è –∫–∞—Ä—Ç–∞ ""CashBack""",10
–Æ–≤–µ–ª–∏—Ä –≠–ª–∏—Ç –•–∞—Ä—å–∫–æ–≤ 2016 | ADT,10
51746903,10
World Poker Club,10
–ö—Ä–µ–¥–∏—Ç–Ω–∞—è –∫–∞—Ä—Ç–∞ –æ—Ç –ö—Ä–µ–¥–∏—Ç –ï–≤—Ä–æ–ø–∞–ë–∞–Ω–∫–∞ ‚Äî –ù–∞—Ç–∞–ª—å—è –®–∞—Ä–∞–Ω–≥–æ–≤–∏—á,10
–ó–∞–≥–∞–¥–∫–∏ –ê—Ç–ª–∞–Ω—Ç–∏–¥—ã,10
"–î—Ä—É–∑—å—è, –º–Ω–µ –Ω—É–∂–Ω–∞ –≤–∞—à–∞ –ø–æ–º–æ—â—å",10
–í—Å—Ç—Ä–µ—á–∞ —Å –û–ª–µ–≥–æ–º –ë–æ–∫–∞—á—ë–≤—ã–º,10
FreeWeb.money | –ë–æ–Ω—É—Å–Ω–∏–∫ –í–µ–±–º–∞–Ω–∏. –ë–µ—Å–ø–ª–∞—Ç–Ω–∞—è —Ä–∞–∑–¥–∞—á–∞ WMR –∫–∞–∂–¥—ã–π —á–∞—Å –¥–æ 100 ‚ÇΩ!,10
Mp3 –º—É–∑—ã–∫–∞ –∏—Å–ø–æ–ª–Ω–∏—Ç–µ–ª—è –ö–ª—É–±–Ω—è–∫ - (218 –ø–µ—Å–µ–Ω) —Å–∫–∞—á–∞—Ç—å –∏ —Å–ª—É—à–∞—Ç—å,10
–∫—É—Ä—Å –ê–Ω–¥—Ä–µ—è –î–º–∏—Ç—Ä–∏–µ–≤–∞-–†–∞–¥–≤–æ–≥–∏–Ω–∞¬´–î–∏–∫—Ç–∞—Ç –ú–æ–¥—ã¬ª | –ü–£–ù–ö–¢–£–ú,10
RedShooo / –°–ø—Ä–∞—à–∏–≤–∞–π.—Ä—É,10
–ì–æ–ª–æ—Å –ü—Ä–∏–ø—è—Ç–∏ 3D: –û–Ω–ª–∞–π–Ω FPS,10
–£ –º–µ–Ω—è –∫–ª–∞—Å—Å–Ω—ã–π –ø–∏—Ç–æ–º–µ—Ü!,10
Telegram ‚Äì a new era of messaging,10
–®–∞—Ä–∏–∫–∏: –ü–∏—Ä–∞—Ç—Å–∫–∞—è —Å–∞–≥–∞,10
–ü–æ–¥–¥—É–±–Ω—ã–π |Z|–û|V| edition,10
–û—Ç–∫—Ä—ã—Ç–∫–∏ –∑–∞–≥—Ä—É–∂–µ–Ω–Ω—ã–µ –ø–æ–ª—å–∑–æ–≤–∞—Ç–µ–ª–µ–º ***–ï–õ–ï–ù–ê ***–ù–ï–ë–ï–°–ê**. C—Ç—Ä–∞–Ω–∏—Ü–∞ 8,10
AVON –≤ –£–∫—Ä–∞–∏–Ω–µ - –†–ï–ì–ò–°–¢–†–ê–¶–ò–Ø –í AVON,10
–ë–µ—Å–ø–ª–∞—Ç–Ω—ã–µ –û—Ç–∫—Ä—ã—Ç–∫–∏!,10
–ó–∞–¥–∞–π –º–Ω–µ –≤–æ–ø—Ä–æ—Å | ask.fm/AlexeyAntonovT101,10
–î–∏–∫—Ç–∞–Ω—Ç –ü–æ–±–µ–¥—ã,10
–° –¥–æ–±—Ä—ã–º —É—Ç—Ä–æ–º!,10
–ì–æ–ª–æ–¥–Ω—ã–µ –ò–≥—Ä—ã - –µ—à—å –∏–ª–∏ —Å—ä–µ–¥—è—Ç —Ç–µ–±—è,10
–î–µ–±–µ—Ç–æ–≤–∞—è –∫–∞—Ä—Ç–∞. –í –∂–∏–∑–Ω–∏ –≤—Å–µ–≥–¥–∞ –µ—Å—Ç—å –º–µ—Å—Ç–æ –û—Ç–∫—Ä—ã—Ç–∏—é!,10
–ì–ª–∞–≤–Ω–∞—è. –ß–µ–º–ø–∏–æ–Ω–∞—Ç –º–∏—Ä–∞ –ø–æ¬†—Ñ—É—Ç–±–æ–ª—É FIFA 2018 –≤¬†–†–æ—Å—Å–∏–∏‚Ñ¢. –ü–µ—Ä–≤—ã–π –∫–∞–Ω–∞–ª,10
Xbox One Slim 1tb,10
–§–æ—Ç–æ–≥—Ä–∞—Ñ–∏–∏ –ë–∏—Ç–≤–∞ –ø–æ–ªoff - –ú–æ–π –ú–∏—Ä@Mail.ru,10
—Ç–∞—Ç—É–∏—Ä–æ–≤–∫–∏ –Ω–∞ —à–µ–µ —Ñ–æ—Ç–æ - –Ø–Ω–¥–µ–∫—Å.–ö–∞—Ä—Ç–∏–Ω–∫–∏ #yandeximages,10
Ps4 PRO,10
–°–ª–∞–¥–∫–∞—è –∏—Å—Ç–æ—Ä–∏—è,10
–¢–∞–∫—Å–∏ –º–µ–∂ –≥–æ—Ä–æ–¥,10
–Ø–∑—ã–∫–æ–≤—ã–µ –º–∞—Ä–∞—Ñ–æ–Ω—ã SpeakASAP ‚Äì –ß–µ—à—Å–∫–∏–π —è–∑—ã–∫,10
–†–µ–∑–∏–¥–µ–Ω—Ç,10
–ú–æ–¥–µ—Å—Ç –ê–ª–µ–∫—Å–∞–Ω–¥—Ä–æ–≤ ‚Äî –ö–æ–Ω—Å—É–ª—å—Ç–∞–Ω—Ç –ø–æ —Ç—É—Ä–∏–∑–º—É,10
51410562,10
–Å–ª–æ—á–∫–∞ 2017:  –¶–≤–µ—Ç–æ–∫ –°–∞–∫—É—Ä—ã,10
–ü–æ—Ç—Ä–µ–±–∏—Ç–µ–ª—å—Å–∫–∏–π –∫—Ä–µ–¥–∏—Ç –æ—Ç –°–æ–≤–∫–æ–º–±–∞–Ω–∫–∞ ‚Äî –ù–∞—Ç–∞–ª—å—è –®–∞—Ä–∞–Ω–≥–æ–≤–∏—á,10
http://vk.com/vlubi,10
"–ü–æ—Ç—Ä–µ–±–∏—Ç–µ–ª—å—Å–∫–∏–π –∫—Ä–µ–¥–∏—Ç –∏ —Ä–µ—Ñ–∏–Ω–∞–Ω—Å–∏—Ä–æ–≤–∞–Ω–∏–µ –∫—Ä–µ–¥–∏—Ç–∞ –æ—Ç –±–∞–Ω–∫–∞ ""–û—Ç–∫—Ä—ã—Ç–∏–µ""",10
28 –∏—é–ª—è 2018 –≥.,10
–°–∞–ø–æ–≥–∏ –∑–∏–º–Ω–∏–µ,10
–ë–µ—Å–ø–ª–∞—Ç–Ω—ã–π –∫–µ–π—Å —Å –ù–û–ñ–û–ú - –∫–∞–∂–¥—ã–µ 2 —á–∞—Å–∞! + 10 —Ä—É–±–ª–µ–π –Ω–∞ –±–∞–ª–∞–Ω—Å –∫–∞–∂–¥–æ–º—É!,10
GrandTime,9
"–ö—Ä–µ–¥–∏—Ç–Ω–∞—è –∫–∞—Ä—Ç–∞ ""AlfaTravel""",9
Recommended For You,9
–ü–æ—Ç—Ä–µ–±–∏—Ç–µ–ª—å—Å–∫–∏–π –∫—Ä–µ–¥–∏—Ç –æ—Ç –ê–ª—å—Ñ–∞-–±–∞–Ω–∫–∞ ‚Äî –ù–∞—Ç–∞–ª—å—è –®–∞—Ä–∞–Ω–≥–æ–≤–∏—á,9
–ü–æ—Ç—Ä–µ–±–∏—Ç–µ–ª—å—Å–∫–∏–π –∫—Ä–µ–¥–∏—Ç –æ—Ç –±–∞–Ω–∫–∞ –•–æ—É–º –ö—Ä–µ–¥–∏—Ç ‚Äî –ù–∞—Ç–∞–ª—å—è –®–∞—Ä–∞–Ω–≥–æ–≤–∏—á,9
RT –Ω–∞ —Ä—É—Å—Å–∫–æ–º on Twitter,9
–ù–µ–æ–±—Ö–æ–¥–∏–º–∞ –ø—Ä–æ–≤–µ—Ä–∫–∞ –±–µ–∑–æ–ø–∞—Å–Ω–æ—Å—Ç–∏,9
"‚ñ∫ –í–∏–¥–µ–æ–∞–ª—å–±–æ–º ""–õ–∏—á–Ω—ã–µ —Ñ–æ—Ç–æ–≥—Ä–∞—Ñ–∏–∏""",9
–ë—Ä–∞—É–∑–µ—Ä ¬´–ê–º–∏–≥–æ¬ª,9
–ò–°–ü–û–õ–ù–ï–ù–ò–ï –ñ–ï–õ–ê–ù–ò–Ø –° –í–û–ò–ù–°–¢–í–û–ú –û–†–ê–ù–¨–Ø–ù–´,9
–û—Ç–∫—Ä—ã—Ç–∫–∏ –∑–∞–≥—Ä—É–∂–µ–Ω–Ω—ã–µ –ø–æ–ª—å–∑–æ–≤–∞—Ç–µ–ª–µ–º ***–ï–õ–ï–ù–ê ***–ù–ï–ë–ï–°–ê**. C—Ç—Ä–∞–Ω–∏—Ü–∞ 199,9
–¢–æ–ø 10 —Å–∞–º—ã–µ –≤—ã—Å–æ–∫–∏–µ –≥–æ—Ä—ã –≤ –º–∏—Ä–µ,9
–°–ø–æ–∫–æ–π–Ω–æ–π –Ω–æ—á–∏!,9
–ü—è—Ç–Ω–∏—Ü–∞ –∫–∞—Ä—Ç–∏–Ω–∫–∏ ‚Äî –Ø–Ω–¥–µ–∫—Å.–ö–∞—Ä—Ç–∏–Ω–∫–∏,9
–î—É–¥–ª –î–∂–∞–º–ø - –ö–æ—Å–º–æ—Å,9
–û–Ω–ª–∞–π–Ω –∑–∞–ø–∏—Å—å –≤ —Å–∞–ª–æ–Ω—ã –∫—Ä–∞—Å–æ—Ç—ã,9
–ö–∞—Ä—Ç–∏–Ω–∫–∞ –¥–Ω—è –¥–ª—è –∏–∑—É—á–µ–Ω–∏—è –∞–Ω–≥–ª–∏–π—Å–∫–æ–≥–æ –Ω–∞ LinguaLeo.,9
–ò–∑ –∫–æ–ª–ª–µ–∫—Ü–∏–∏ ¬´–î–ï–í–£–®–ö–ò¬ª,9
Epic Pets - –¢—Ä–∏ –≤ —Ä—è–¥ –ø—Ä–∏–∫–ª—é—á–µ–Ω–∏–µ,9
–†–∞–∑–¥–∞—á–∞ –∏–≥—Ä—ã Rust,9
–î—Ä—É–∑—å—è! –≠—Ç–æ –ø–æ–¥–∞—Ä–æ–∫ –¥–ª—è –≤–∞—Å! –ü–û–°–ú–û–¢–†–ï–¢–¨!,9
svadebniy-stilist,9
–û—Ç–∫—Ä—ã—Ç–∫–∏ –∑–∞–≥—Ä—É–∂–µ–Ω–Ω—ã–µ –ø–æ–ª—å–∑–æ–≤–∞—Ç–µ–ª–µ–º ***–ï–õ–ï–ù–ê ***–ù–ï–ë–ï–°–ê**. C—Ç—Ä–∞–Ω–∏—Ü–∞ 7,9
–ö–æ—à–∫–∞. –û–±–æ–∏ –¥–ª—è —Ä–∞–±–æ—á–µ–≥–æ —Å—Ç–æ–ª–∞,9
S0nnee ‚Äî QRoom,9
–ö–æ–∂–∞–Ω–∞—è —Å—É–º–∫–∞ –∂–µ–Ω—Å–∫–∞—è,9
–°—Ç–µ–Ω–∫–∞ –≤ –≥–æ—Å—Ç–∏–Ω—É—é,9
–ö–∞–ø–∏—Ç–∞–ª–∏—Å—Ç,9
–ì–æ–Ω–∫–æ–Ω–≥. –û–±–æ–∏ –¥–ª—è —Ä–∞–±–æ—á–µ–≥–æ —Å—Ç–æ–ª–∞,9
"–°–∏–¥–Ω–µ–π, –ê–≤—Å—Ç—Ä–∞–ª–∏—è. –û–±–æ–∏ –¥–ª—è —Ä–∞–±–æ—á–µ–≥–æ —Å—Ç–æ–ª–∞",9
–ß–µ–ª—è–±–∏–Ω—Å–∫ 2013 - –ú–µ—Ä—Ç–≤–∞—è –∑–æ–Ω–∞,9
–§–æ—Ç–æ –∞–≤—Ç–æ—Ä–∞ –ù–∞—Ç–∞–ª–∏—è –Ω–∞ –Ø–Ω–¥–µ–∫—Å.–§–æ—Ç–∫–∞—Ö,9
http://vk.com/varwars?ad_id=wall260912342_260912342,9
–í–∞—à 2020 –≥–æ–¥,9
–û—Ä–∞–Ω–∂–µ–≤—ã–π –ª–∞–±–∏—Ä–∏–Ω—Ç,9
–†–µ—Å–∫—Ä–∏–ø—Ç–∏–Ω–≥ —Ä–µ–∞–ª—å–Ω–æ—Å—Ç–∏. –ó–µ—Ä–∫–∞–ª–∞ –ø—Ä–æ—à–ª–æ–≥–æ.,9
"–ó–ê–ö–ê–ó –ö–ù–ò–ì–ò –ú–∏—Ö–∞–∏–ª–∞ –°–º–∏—Ä–Ω–æ–≤–∞: 44 –º–µ—Ç–æ–¥–∞ —Å–æ–∑–¥–∞–Ω–∏—è –ø–æ–∑–∏—Ç–∏–≤–Ω–æ–≥–æ –º—ã—à–ª–µ–Ω–∏—è, —Ä–∞–¥–æ—Å—Ç–∏ –∏ —Å—á–∞—Å—Ç—å—è –≤ –∂–∏–∑–Ω–∏.",9
–°–ø–µ—Ü–∏–∞–ª—å–Ω—ã–µ —Ç–∞—Ä–∏—Ñ—ã –¥–ª—è –¥—Ä—É–∑–µ–π –æ—Ç 2–ö–û–ú,9
. –û–±—Å—É–∂–¥–µ–Ω–∏–µ –Ω–∞ LiveInternet - –†–æ—Å—Å–∏–π—Å–∫–∏–π –°–µ—Ä–≤–∏—Å –û–Ω–ª–∞–π–Ω-–î–Ω–µ–≤–Ω–∏–∫–æ–≤,9
–ø—Ä–∏–∫–æ–ª—å–Ω—ã–µ –∫–∞—Ä—Ç–∏–Ω–∫–∏ - –Ø–Ω–¥–µ–∫—Å.–ö–∞—Ä—Ç–∏–Ω–∫–∏,9
–ì–æ–ª–æ–¥–Ω—ã–µ –ò–≥—Ä—ã - –µ—à—å –∏–ª–∏ —Å—ä–µ–¥—è—Ç —Ç–µ–±—è | –í–ö–æ–Ω—Ç–∞–∫—Ç–µ,9
devochkaDashynka | –°–ø—Ä–∞—à–∏–≤–∞–π.—Ä—É,9
–ö–∞—Ç–∞–ª–æ–≥ –æ–Ω–ª–∞–π–Ω,9
–°–æ–∫—Ä–æ–≤–∏—â–∞ –ü–∏—Ä–∞—Ç—Å–∫–æ–π –±—É—Ö—Ç—ã 2,9
ENERGY ‚Äî —Å–ª—É—à–∞—Ç—å –æ–Ω–ª–∞–π–Ω,9
–†–µ–º–æ–Ω—Ç –≤ –ï–≥–æ—Ä—å–µ–≤—Å–∫–µ ‚Äî –ü–æ–¥ –∫–ª—é—á,9
–ú–∏—Å—Å–∏–∏ —Å –ö–æ–¥–æ–≤—ã–º –°–ª–æ–≤–æ–º,9
–û—Ü–µ–Ω–∏—Ç–µ —Ä–∞–±–æ—Ç—É –¥–ª—è –∫–æ–Ω–∫—É—Ä—Å–∞ –æ—Ç OpenBoom!,9
LinguaLeo - –∞–Ω–≥–ª–∏–π—Å–∫–∏–π —è–∑—ã–∫ –æ–Ω–ª–∞–π–Ω,9
–ê–≤—Ç–æ–ø–æ–≥—Ä—É–∑—á–∏–∫,9
–î—Ä–∏—Ñ—Ç,9
–°—Ç–æ –±–µ—Å–ø–ª–∞—Ç–Ω—ã—Ö –∞–≤–∏–∞–±–∏–ª–µ—Ç–æ–≤ –æ—Ç Aviasales,9
LIKE - –ü—Ä–∏–≥–ª–∞—à–µ–Ω–∏–µ –æ—Ç —Ç–≤–æ–µ–≥–æ –¥—Ä—É–≥–∞,9
–¢–µ–Ω—å –¥—Ä–∞–∫–æ–Ω–∞,9
vogteam.com,9
"–ü–µ—Ä–µ–µ–∑–¥ –æ—Ñ–∏—Å–∞, –∫–≤–∞—Ä—Ç–∏—Ä—ã, –¥–∞—á–∏ - –º—É–≤–∏–Ω–≥–æ–≤–∞—è –∫–æ–º–ø–∞–Ω–∏—è –ü–µ—Ä–µ–µ–∑–¥–∏–∫ | –ú–∞—à–∏–Ω–∞ —Å –≥—Ä—É–∑—á–∏–∫–∞–º–∏, —É–ø–∞–∫–æ–≤–∫–æ–π | –£—Å–ª—É–≥–∏ –º—É–≤–∏–Ω–≥–∞",9
mos.ru–û—Ñ–∏—Ü–∏–∞–ª—å–Ω—ã–π —Å–∞–π—Ç –ú—ç—Ä–∞ –ú–æ—Å–∫–≤—ã,9
–•–∞—Ä—å–∫–æ–≤ Beauty-2016 | ADT,9
¬´–î–∏–∫—Ç–∞—Ç –ú–æ–¥—ã¬ª –ê–Ω–¥—Ä–µ—è –î–º–∏—Ç—Ä–∏–µ–≤–∞-–†–∞–¥–≤–æ–≥–∏–Ω–∞ –ø—Ä–µ–¥—Å—Ç–∞–≤–ª—è–µ—Ç: –ú–∏–Ω–∏-–∫—É—Ä—Å ¬´–ë—Ä–∏—Ç–∞–Ω—Å–∫–∞—è –ò–º–ø–µ—Ä–∏—è¬ª | –ü–£–ù–ö–¢–£–ú,9
YouTube,9
–ù–æ—Ä–¥—ã: –ì–µ—Ä–æ–∏ c–µ–≤–µ—Ä–∞,9
–ü–∞–ª—å—Ç–æ,9
http://vk.com/hraponline,9
"–û—Ñ–∏—Ü–∏–∞–ª—å–Ω—ã–π —Å–∞–π—Ç –û–û–û ¬´–ò–Ω—Ñ–æ—É—Ä–æ–∫¬ª  - –∫—É—Ä—Å—ã, —Ç–µ—Å—Ç—ã, –≤–µ–±–∏–Ω–∞—Ä—ã, –º–∞—Ç–µ—Ä–∏–∞–ª—ã –¥–ª—è —É—á–∏—Ç–µ–ª–µ–π",9
–¢–∏–Ω—å–∫–æ—Ñ—Ñ ‚Äî —Ñ–∏–Ω–∞–Ω—Å–æ–≤—ã–µ —É—Å–ª—É–≥–∏ –¥–ª—è —Ñ–∏–∑–∏—á–µ—Å–∫–∏—Ö –∏ —é—Ä–∏–¥–∏—á–µ—Å–∫–∏—Ö –ª–∏—Ü,9
–í–∏–∫–∏–ø–µ–¥–∏—è:–ó–∞–∫–æ–Ω–æ–ø—Ä–æ–µ–∫—Ç ‚Ññ 89417-6 ‚Äî –í–∏–∫–∏–ø–µ–¥–∏—è,9
–•–∞—Ä—å–∫–æ–≤-Beauty –í–ï–°–ù–ê 2016 | ADT,9
–ü—Ä–∏–≥–ª–∞—à–µ–Ω–∏–µ –≤ –∫–ª—É–± - Brawl Stars,9
Doodle Jump - –î–∂—É–Ω–≥–ª–∏,9
–õ–∞–π–∫–æ–º–µ—Ä,9
–°—É–º–∫–∞ –∏–∑ –Ω–∞—Ç—É—Ä–∞–ª—å–Ω–æ–π –∫–æ–∂–∏,9
"–†–ê–°–ö–õ–ê–î –¢–ê–†–û "" –ü–ï–†–°–ü–ï–ö–¢–ò–í–´ –ù–û–í–´–• –õ–Æ–ë–û–í–ù–´–• –û–¢–ù–û–®–ï–ù–ò–ô """,8
GETTEFRONE,8
"""–ó–¥—Ä–∞–≤—Å—Ç–≤—É–π—Ç–µ, –¥–æ–∫—Ç–æ—Ä!"" –ü–∏—Å—å–º–∞ –≤–æ–π–Ω—ã.",8
–ó–∞–¥–∞–π –º–Ω–µ –≤–æ–ø—Ä–æ—Å | ask.fm/emiliya90,8
–§–∏–∑—Ä—É–∫: –ù–∞—á–∞–ª–æ,8
     –Æ–ª—è-–ª—è –æ—Ç—á–µ—Ç—ã ~ 3-–π –ú–∞—Ä–∞—Ñ–æ–Ω –ñ–µ–Ω—Å—Ç–≤–µ–Ω–Ω–æ—Å—Ç–∏ 2014 –≥–æ–¥–∞ –æ—Ç –ê–ª–µ–∫—Å–µ—è –∏ –û–ª—å–≥–∏ –í–∞–ª—è–µ–≤—ã—Ö    ,8
"–û–± –æ—Å—Ç—É–¥–µ, –æ–±—Ä–µ—Ç–µ–Ω–∏–∏ –Ω–æ–≤–æ–π –ª—é–±–≤–∏ –∏ —É–¥–∞—á–Ω–æ–º –∑–∞–º—É–∂–µ—Å—Ç–≤–µ.",8
"–î—Ä—É–∑—å—è, –ø–æ–º–æ–≥–∏—Ç–µ –º–Ω–µ –ø–æ–±–µ–¥–∏—Ç—å –≤ —Ñ–æ—Ç–æ–∫–æ–Ω–∫—É—Ä—Å–µ!",8
Instagram,8
–§–∞–π–ª –∏–∑ –û–±–ª–∞–∫–∞ Mail.Ru,8
–ú–Ø–°–ù–´–ï –ò–ó–î–ï–õ–ò–Ø –ò–ó –ö–´–†–ì–´–ó–°–¢–ê–ù–ê –ò –ü–†–û–î–£–ö–¢–´ –ü–ò–¢–ê–ù–ò–Ø.,8
–ê–≤—Ç–æ–º–∞–π–Ω–∏–Ω–≥,8
Pou!,8
http://vk.com/riotzone,8
–ü—Ä–∏–≥–ª–∞—à–µ–Ω–∏—è –Ω–∞ –Ø–Ω–¥–µ–∫—Å.–î–∏—Å–∫! –ó–∞–≤–µ–¥–∏—Ç–µ —Å–≤–æ–π –î–∏—Å–∫ –ø–æ —ç—Ç–æ–π —Å—Å—ã–ª–∫–µ –∏ –ø–æ–ª—É—á–∏—Ç–µ 1 –ì–ë –¥–æ–ø–æ–ª–Ω–∏—Ç–µ–ª—å–Ω–æ–≥–æ –ø—Ä–æ—Å—Ç—Ä–∞–Ω—Å—Ç–≤–∞.,8
–ò–Ω–¥. –∫–æ–Ω—Å—É–ª—å—Ç–∞—Ü–∏–∏,8
"–û—á–µ–Ω—å —Ö–æ—Ä–æ—à–∏–π —Å–µ—Ä–≤–µ—Ä Minecraft RUSSIA-Craft, —Ä–µ–∫–æ–º–µ–Ω–¥—É—é. –ü—Ä–∏—Å–æ–µ–¥–∏–Ω—è–π—Ç–µ—Å—å!",8
—Ñ–æ—Ç–æ –º–∏–Ω—å–æ–Ω–æ–≤ - –Ø–Ω–¥–µ–∫—Å.–ö–∞—Ä—Ç–∏–Ω–∫–∏ #yandeximages,8
–ú–æ–π —Ä–µ–∑—É–ª—å—Ç–∞—Ç —Ç–µ—Å—Ç–∞,8
–°–æ–ª–¥–∞—Ç—ã –£–¥–∞—á–∏,8
–ì—Ä—É–∑–æ–ø–µ—Ä–µ–≤–æ–∑–∫–∏,8
–ü–ª–∞—Ç—å–µ,8
https://bnc.lt/cnyear_share_vk,8
"‚ñ∫ –í–∏–¥–µ–æ–∞–ª—å–±–æ–º ""–§–æ—Ç–æ —Å –º–æ–µ–π —Å—Ç—Ä–∞–Ω–∏—Ü—ã""",8
Example Domain,8
http://vk.com/rules_of_war,8
"–û—Ç–∫—Ä—ã—Ç–∫–∏, –ø–æ–∑–¥—Ä–∞–≤–ª–µ–Ω–∏—è —Å –¥–Ω–µ–º —Ä–æ–∂–¥–µ–Ω—å—è",8
–æ–≥—Ä–æ–º–Ω—ã–µ-–æ—Ç–∫—Ä—ã—Ç–∫–∏.—Ä—Ñ,8
RIVA DEL SOLE RESORT & SPA ‚Äî –î–∂–µ—Ç –¢—Ä–µ–≤–µ–ª,8
–≥–µ–Ω–∞ –Ω–∞—Ö–æ–¥–Ω–æ–≤ - –ú–æ–±–∏–ª—å–Ω—ã–π –∞–ª—å–±–æ–º | OK.RU,8
Dana437erüá∑üá∫–ü–æ–¥–ø–∏—à–∏—Å—å –Ω–∞ –õ–∞–π–∫–µ—Ä–∞ –≤ –ø—Ä–∏–ª–æ–∂–µ–Ω–∏–∏ LIKE –∏ –Ω–µ –ø—Ä–æ–ø—É—Å—Ç–∏ —Å–ª–µ–¥—É—é—â–µ–≥–æ —à–æ—É,8
 CSGORU.RU - –ú–∞–≥–∞–∑–∏–Ω —Å–ª—É—á–∞–π–Ω—ã—Ö –≤–µ—â–µ–π CS GO ,8
Viber - Free Calls and Messages.,8
–í–∞—à–µ –∏–º–µ–Ω–Ω–æ–µ –ø–æ–∑–¥—Ä–∞–≤–ª–µ–Ω–∏–µ –æ—Ç –î–µ–¥—É—à–∫–∏ –ú–æ—Ä–æ–∑–∞,8
–§—Ä—É–∫—Ç–æ–≤–∞—è –°—Ç—Ä–∞–Ω–∞,8
"–ê—Ä–µ–Ω–¥–∞ –º–æ—é—â–µ–≥–æ –ø—ã–ª–µ—Å–æ—Å–∞, –ø–∞—Ä–æ–≥–µ–Ω–µ—Ä–∞—Ç–æ—Ä Karcher",8
–°–≤–∞–¥—å–±–∞ –ø–æ –ª—é–±–≤–∏ 2: –õ–µ—Ç–æ!,8
–î—Ä–µ–≤–æ –∂–∏–∑–Ω–∏ 2019,8
30-–∏ –¥–Ω–µ–≤–Ω—ã–π –º–∞—Ä–∞—Ñ–æ–Ω –¥—ã—Ö–∞–Ω–∏–µ –ø–æ –º–µ—Ç–æ–¥—É –ë—É—Ç–µ–π–∫–æ —Å –¥–æ–∫—Ç–æ—Ä–æ–º –°–º–∏—Ä–Ω–æ–≤—ã–º,8
https://vk.com/app3844919#0,8
–Ø–∑—ã–∫–æ–≤–æ–π –º–∞—Ä–∞—Ñ–æ–Ω –ø–æ —Ç—É—Ä–µ—Ü–∫–æ–º—É —è–∑—ã–∫—É,8
"–î—Ä—É–∑—å—è, –ø—Ä–∏–µ–º! –ú–Ω–µ –Ω—É–∂–Ω–∞ –≤–∞—à–∞ –ø–æ–º–æ—â—å –≤ –ø–æ–∏—Å–∫–µ –∏ –ª–∏–∫–≤–∏–¥–∞—Ü–∏–∏ –∞–≥–µ–Ω—Ç–æ–≤ Blackwood",8
–Ø —Ä–∞–∑–±–ª–æ–∫–∏—Ä–æ–≤–∞–ª —Ç–∞–∏–Ω—Å—Ç–≤–µ–Ω–Ω–æ–µ –≤–æ–π—Å–∫–æ –≤ Top War!,8
–°–æ–∫—Ä–æ–≤–∏—â–∞ –ö–æ—Ä–æ–ª–µ–π,8
–û–¥–Ω–∏–º –°–ª–æ–≤–æ–º,8
–ë–æ–Ω—É—Å –ø—Ä–∏ —Ä–µ–≥–∏—Å—Ç—Ä–∞—Ü–∏–∏ –æ—Ç 1 –¥–æ 10 —Ä—É–±–µ–π,8
–ö–æ—Å—Ç—é–º,8
–û—Ç–∫—Ä—ã—Ç–∫–∏ –¥–æ–±—Ä–æ–µ —É—Ç—Ä–æ –¥–æ—Ä–æ–≥–æ–π ‚Äî –Ø–Ω–¥–µ–∫—Å.–ö–∞—Ä—Ç–∏–Ω–∫–∏,8
–ò–∑ –∫–æ–ª–ª–µ–∫—Ü–∏–∏ ¬´–ú–æ–∏ –∫–∞—Ä—Ç–∏–Ω–∫–∏¬ª,8
–û—Ç–∫—Ä—ã—Ç–∫–∏ –Ω–∞ kards.qip.ru - –ü–æ–∂–µ–ª–∞–Ω–∏—è - –ü–æ–∂–µ–ª–∞–Ω–∏—è,8
51441013,8
–ü—Ä–∏–ª–æ–∂–µ–Ω–∏—è –≤ Google Play ‚Äì –°–º–µ–π—Å—è –¥–æ —Å–ª—ë–∑,8
EliteCase.Net - –ú–∞–≥–∞–∑–∏–Ω CS:GO,8
–ß—É–¥–æ –ü–∞–∑–ª—ã,8
–¶—ã–ø–ª—è—Ç–∞,8
–§–æ—Ç–æ –∞–≤—Ç–æ—Ä–∞ –°–æ—Ñ–∏—è –Ω–∞ –Ø–Ω–¥–µ–∫—Å.–§–æ—Ç–∫–∞—Ö,8
–ò–∑ –∫–æ–ª–ª–µ–∫—Ü–∏–∏ ¬´–†–æ–º–∞–Ω—Ç–∏–∫–∞¬ª,8
–í–∏–∫–∏–ø–µ–¥–∏—è¬†‚Äî —Å–≤–æ–±–æ–¥–Ω–∞—è —ç–Ω—Ü–∏–∫–ª–æ–ø–µ–¥–∏—è,8
"–ß–µ—Ç–∫–∏ –∫–æ—Å—Ç—è–Ω—ã–µ, —Ä—É—á–Ω–æ–π —Ä–∞–±–æ—Ç—ã",8
–ó–∞—â–∏—Ç–∏—Ç—å —Å–≤–æ–π –≥–æ—Ä–æ–¥ –≤ WARFACE,8
–í—Å—Ç—É–ø–∞–π –≤ –∫–æ–º–∞–Ω–¥—É –º–µ—á—Ç—ã!,8
–û—Ç–∫—Ä—ã—Ç–∫–∏ –∑–∞–≥—Ä—É–∂–µ–Ω–Ω—ã–µ –ø–æ–ª—å–∑–æ–≤–∞—Ç–µ–ª–µ–º ***–ï–õ–ï–ù–ê ***–ù–ï–ë–ï–°–ê**. C—Ç—Ä–∞–Ω–∏—Ü–∞ 15,8
–§–æ—Ç–æ –∞–≤—Ç–æ—Ä–∞ viktor-che –Ω–∞ –Ø–Ω–¥–µ–∫—Å.–§–æ—Ç–∫–∞—Ö,8
–û—Ç–∫—Ä—ã—Ç–∫–∏ –∑–∞–≥—Ä—É–∂–µ–Ω–Ω—ã–µ –ø–æ–ª—å–∑–æ–≤–∞—Ç–µ–ª–µ–º ***–ï–õ–ï–ù–ê ***–ù–ï–ë–ï–°–ê**. C—Ç—Ä–∞–Ω–∏—Ü–∞ 12,8
–î–æ—Å—Ç–∞–≤–∫–∞ —Ç–æ–≤–∞—Ä–æ–≤ –∏–∑ –ö–∏—Ç–∞—è,8
TikTok ¬∑ –í–∏–æ–ª–µ—Ç—Ç–∞ –∏ –ê–º–µ–ª–∏,8
—Ñ–æ—Ç–æ–≥—Ä–∞—Ñ–∏–∏ —Å–∞—Ç–∏ –∫–∞–∑–∞–Ω–æ–≤–æ–π –¥–æ–±–∞–≤–∏—Ç—å –≤ –∫–æ–Ω—Ç–∞–∫—Ç–µ - –Ø–Ω–¥–µ–∫—Å.–ö–∞—Ä—Ç–∏–Ω–∫–∏,8
–û—Ç–∫—Ä—ã—Ç–∫–∏ –∑–∞–≥—Ä—É–∂–µ–Ω–Ω—ã–µ –ø–æ–ª—å–∑–æ–≤–∞—Ç–µ–ª–µ–º ***–ï–õ–ï–ù–ê ***–ù–ï–ë–ï–°–ê**. C—Ç—Ä–∞–Ω–∏—Ü–∞ 9,8
–ú–∞–ª–∏–Ω–∞. –û–±–æ–∏ –¥–ª—è —Ä–∞–±–æ—á–µ–≥–æ —Å—Ç–æ–ª–∞,8
–ó–∞–¥–∞–π –º–Ω–µ –≤–æ–ø—Ä–æ—Å | ask.fm/EgorovaDashka,8
4139565.KANNA.BUSINESS,8
–ò–∑ –∫–æ–ª–ª–µ–∫—Ü–∏–∏ ¬´–û—Å–µ–Ω—å¬ª,8
–§–æ—Ç–æ –∞–≤—Ç–æ—Ä–∞ Foto-mig –Ω–∞ –Ø–Ω–¥–µ–∫—Å.–§–æ—Ç–∫–∞—Ö,8
–ü–æ–ª—É—á–∏—Ç—å –ø–æ–¥–∞—Ä–æ–∫,8
–û—Ç –î–∏–æ—Ä–∞ –¥–æ –ú–∞–∫–∫—É–∏–Ω–∞: –æ –º–æ–¥–Ω—ã—Ö –∏–º–µ–Ω–∞—Ö –∏ —Ç—Ä–µ–Ω–¥–∞—Ö –ø–æ—Å–ª–µ–¥–Ω–∏—Ö 50 –ª–µ—Ç| –°–∏–Ω—Ö—Ä–æ–Ω–∏–∑–∞—Ü–∏—è,8
MST_SURGERY,8
üç™–Æ–ª–∏–∫üåø–ü–æ–¥–ø–∏—à–∏—Å—å –Ω–∞ –õ–∞–π–∫–µ—Ä–∞ –≤ –ø—Ä–∏–ª–æ–∂–µ–Ω–∏–∏ LIKE –∏ –Ω–µ –ø—Ä–æ–ø—É—Å—Ç–∏ —Å–ª–µ–¥—É—é—â–µ–≥–æ —à–æ—É,8
Rich Birds - –ó–∞—Ä–∞–±–∞—Ç—ã–≤–∞–π –Ω–∞ —Å–≤–æ–∏—Ö —è–π—Ü–∞—Ö,8
–ó–∞–π—Ü–µ–≤.–Ω–µ—Ç! –°–∫–∞—á–∞—Ç—å –º—É–∑—ã–∫—É –±–µ—Å–ø–ª–∞—Ç–Ω–æ –≤ —Ñ–æ—Ä–º–∞—Ç–µ MP3 ‚Äì –°–∫–∞—á–∞—Ç—å –ø–µ—Å–Ω–∏ –±–µ—Å–ø–ª–∞—Ç–Ω–æ –æ–Ω–ª–∞–π–Ω ‚Äì –°–ª—É—à–∞—Ç—å –º—É–∑—ã–∫—É –±–µ–∑ —Ä–µ–≥–∏—Å—Ç—Ä–∞—Ü–∏–∏,8
–¶–µ–ø—å –∑–æ–ª–æ—Ç–∞—è,8
–ê–ª–µ–∫—Å–∞–Ω–¥—Ä –ú–∞–∫–∫—É–∏–Ω: –∫–æ—Ä–æ–ª—å –≤—ã—Å–æ–∫–æ–π –º–æ–¥—ã | –°–∏–Ω—Ö—Ä–æ–Ω–∏–∑–∞—Ü–∏—è. –ö—É–ª—å—Ç—É—Ä–Ω–∞—è –ø–ª–∞—Ç—Ñ–æ—Ä–º–∞,8
–ö–æ—Ç –¢–æ–º,8
–§–æ—Ç–æ –∞–≤—Ç–æ—Ä–∞ megashurik –Ω–∞ –Ø–Ω–¥–µ–∫—Å.–§–æ—Ç–∫–∞—Ö,8
–ò—Å–ø—ã—Ç–∞–Ω–∏—è –¥–ª—è –Ω–µ—É–¥–µ—Ä–∂–∏–º—ã—Ö,8
–§–æ—Ç–æ –∞–≤—Ç–æ—Ä–∞ R@dug@69 –Ω–∞ –Ø–Ω–¥–µ–∫—Å.–§–æ—Ç–∫–∞—Ö,8
–ù–∞—à–µ—Å—Ç–≤–∏–µ: –•–æ–¥—è—á–∏–µ –º–µ—Ä—Ç–≤–µ—Ü—ã,8
404 Not Found,8
45879336_310526446214569_7755023431040499712_n.jpg?_nc_ht=scontent-arn2-1.cdninstagram.com,8
–¢—é–ª—å–ø–∞–Ω—ã. –û–±–æ–∏ –¥–ª—è —Ä–∞–±–æ—á–µ–≥–æ —Å—Ç–æ–ª–∞,8
–ó–∞–µ–º –æ—Ç –ë—ã—Å—Ç—Ä–æ–¥–µ–Ω—å–≥–∏,8
–Ø–Ω–¥–µ–∫—Å.–ö–æ–ª–ª–µ–∫—Ü–∏–∏,8
üèÄ –ë–∞—Å–∫–µ—Ç–±–æ–ª,8
–û—Ç–∫—Ä—ã—Ç–∫–∏ –Ω–∞ kards.qip.ru - –ü–æ–∂–µ–ª–∞–Ω–∏—è - –°–ø–æ–∫–æ–π–Ω–æ–π –Ω–æ—á–∏!,8
–ö—Ä–µ–¥–∏—Ç–Ω–∞—è –∫–∞—Ä—Ç–∞ –æ—Ç –ì–∞–∑–ø—Ä–æ–º–±–∞–Ω–∫–∞ ‚Äî –ù–∞—Ç–∞–ª—å—è –®–∞—Ä–∞–Ω–≥–æ–≤–∏—á,8
–ì–ª–∞–¥–∏–∞—Ç–æ—Ä—ã –î–æ—Ä–æ–≥ (3D –ì–æ–Ω–∫–∏),8
–§–æ—Ç–æ –∞–≤—Ç–æ—Ä–∞ Lena –Ω–∞ –Ø–Ω–¥–µ–∫—Å.–§–æ—Ç–∫–∞—Ö,8
"–ó–∞—Ö–æ–¥–∏—Ç–µ, –º—ã –≤ —ç—Ñ–∏—Ä–µ!",8
Viber - Free calls and messages,8
IPweb.ru - —Ä–∞—Å–∫—Ä—É—Ç–∫–∞ –∏ –∑–∞—Ä–∞–±–æ—Ç–æ–∫,8
Webbox std —Å—Ç—É–¥–∏—è —Ä–∞–∑—Ä–∞–±–æ—Ç–∫–∏ —Å–∞–π—Ç–æ–≤ –∏ –ª–æ–≥–æ –≤ –µ–∫–∞—Ç–µ—Ä–∏–Ω–±—É—Ä–≥–µ,8
–®–æ–ø–æ–≥–æ–ª–∏–∫,8
"–°—Ç—Ä–∏–∂–∫–∏ –º—É–∂—Å–∫–∏–µ, –∂–µ–Ω—Å–∫–∏–µ, –ø–æ–∫—Ä–∞—Å–∫–∏",7
–û—Ç–∫—Ä—ã–≤–∞–π –±–µ—Å–ø–ª–∞—Ç–Ω—ã–π –∫–µ–π—Å CS:GO –∫–∞–∂–¥—ã–µ 2 —á–∞—Å–∞ –Ω–∞ WinDrop.ru!,7
 –∫–æ—Å–º–æ–¥—Ä–æ–º –ø–ª–µ—Å–µ—Ü–∫ #yandeximages,7
–§–æ—Ç–æ –∞–≤—Ç–æ—Ä–∞ azarin-al –Ω–∞ –Ø–Ω–¥–µ–∫—Å.–§–æ—Ç–∫–∞—Ö,7
–ö–æ–Ω—Ñ–µ—Ç–∫–∏,7
–§–æ—Ç–æ –∞–≤—Ç–æ—Ä–∞ –¢–∞—Ç—å—è–Ω–∞ –í–æ—Ä–æ–±—å–µ–≤–∞ –Ω–∞ –Ø–Ω–¥–µ–∫—Å.–§–æ—Ç–∫–∞—Ö,7
–°—É—Ç–æ—á–Ω—ã–µ —Ü—ã–ø–ª—è—Ç–∞ –±—Ä–æ–π–ª–µ—Ä–æ–≤,7
–ë–ª–æ–≥–∏ –î–∂–µ—Ç –¢—Ä–µ–≤–µ–ª –æ –ø—É—Ç–µ—à–µ—Å—Ç–≤–∏—è—Ö –∏ —Ç—É—Ä–∏–∑–º–µ,7
–ö–∞–∫–æ–π –ö—Ä–∞—Å–æ—Ç–æ–π –û–±–ª–∞–¥–∞–µ—à—å –¢—ã?,7
–£—Ö —Ç—ã! –Ø —Ç–æ–ª—å–∫–æ —á—Ç–æ –ø–æ–ª—É—á–∏–ª –Ω–∞–≥—Ä–∞–¥—É –≤ –í–∏–∫–∏–º–∞–ø–∏–∏. –ó–∞–≥–ª—è–Ω–∏—Ç–µ –≤ –º–æ–π –ø—Ä–æ—Ñ–∏–ª—å!,7
–ò–º–µ–Ω–Ω–æ–µ –ø–æ–∑–¥—Ä–∞–≤–ª–µ–Ω–∏–µ –æ—Ç –î–µ–¥—É—à–∫–∏ –ú–æ—Ä–æ–∑–∞,7
–ü–∞—Ä–∏–ª—å—â–∏–∫,7
"–ö–ª—É–± ""–ñ–µ–Ω—Å–∫–∏–µ —à—Ç—É—á–∫–∏""",7
–ª—å–≤—ã ‚Äî –Ø–Ω–¥–µ–∫—Å.–ö–∞—Ä—Ç–∏–Ω–∫–∏,7
–ö–∞–∫ –ë—ã –¢—ã –í—ã–≥–ª—è–¥–µ–ª–∞ –í –ö–∞—á–µ—Å—Ç–≤–µ –ú–æ–¥–µ–ª–∏?,7
Legendarium,7
54447144_2116771501777885_8334772539154759680_n.jpg?_nc_ht=scontent-arn2-1.cdninstagram.com,7
–ù–∞ —Å–∫–æ–ª—å–∫–æ —Ç—ã –≤—ã–≥–ª—è–¥–∏—à—å?,7
https://link.plrm.zone/app/f4awy,7
–ü–æ—Å–ª–µ–¥–Ω–∏–π —Ñ–æ—Ä–ø–æ—Å—Ç,7
–¢–µ—Å—Ç –Ω–∞ –∑–Ω–∞–Ω–∏–µ —Ä—É—Å—Å–∫–æ–≥–æ —è–∑—ã–∫–∞ - 2,7
–ö–æ—Ä–æ–ª—å —Å–ª–æ–≤ - –¢–µ—Å—Ç IQ,7
–§–æ—Ç–æ–≥—Ä–∞—Ñ–∏–∏ –ì—Ä—É–ø–ø–∞ –ü–æ–∑–∏—Ç–∏–≤–∞ - –ú–æ–π –ú–∏—Ä@Mail.ru,7
–Ø –Ω–∞ –°–ø—Ä–∞—à–∏–≤–∞–π! –ó–∞–¥–∞–π –º–Ω–µ –ª—é–±–æ–π –≤–æ–ø—Ä–æ—Å –∞–Ω–æ–Ω–∏–º–Ω–æ!,7
"–ë–ï–°–ü–õ–ê–¢–ù–´–ï –ü–û–î–ê–†–ö–ò! –Ø —Ç–æ–ª—å–∫–æ —á—Ç–æ –ø–æ–ª—É—á–∏–ª –±–µ—Å–ø–ª–∞—Ç–Ω—ã–π –ø–æ–¥–∞—Ä–æ–∫, –∂–º–∏, –ø–æ–ª—É—á–∞–π –∏ —Ç—ã!",7
–ê–∫—Ç–µ—Ä,7
–ü–æ–¥–∞—Ä–∫–∏ –≤—Å–µ–º!,7
–ú–∞—Å—Ç–µ—Ä-–∫–ª–∞—Å—Å: ¬´–ü—Ä–∞–∫—Ç–∏—á–µ—Å–∫–∏–µ —Å–µ–∫—Ä–µ—Ç—ã –ù–õ–ü –¥–ª—è –±–∏–∑–Ω–µ—Å–∞ –∏ –∂–∏–∑–Ω–∏¬ª | –ê—Ñ–∏—à–∞ –ë–∏–∑–Ω–µ—Å –°–æ–±—ã—Ç–∏–π –¢—é–º–µ–Ω–∏,7
–ú–Ω–æ–≥–æ–¥–µ—Ç–Ω–∞—è –º–∞—Ç—å –∑–∞–º–µ—Ä–∑–∞–µ—Ç —Å –¥–µ—Ç—å–º–∏!,7
–û—Ç–∫—Ä—ã–≤–∞–π –∫–µ–π—Å—ã –Ω–∞ Cases4Real.com!,7
–ù–µ–±–µ—Å–Ω—ã–π –ì–æ–Ω—â–∏–∫,7
–°–ø–µ—Ü–∏–∞–ª—å–Ω—ã–µ —Ç–∞—Ä–∏—Ñ—ã –¥–ª—è –¥—Ä—É–∑–µ–π –æ—Ç –ê–ª–º–∞—Ç–µ–ª,7
–¢–≤–æ–∏ –°–æ–∫—Ä–æ–≤–∏—â–∞,7
- on BIGO LIVE,7
–Ø –∏–≥—Ä–∞—é –≤ –ê—ç—Ä–æ–ø–æ—Ä—Ç-–°–∏—Ç–∏!,7
–ë–µ–ª—è—à–∏ —Å –º—è—Å–æ–º.–û—á–µ–Ω—å –í–∫—É—Å–Ω—ã–µ –∏ –°–æ—á–Ω—ã–µ!!!–ü—Ä–æ—Å—Ç–æ–π –†–µ—Ü–µ–ø—Ç –æ—Ç –î–æ–º–∞—à–Ω—è—è –∫—É—Ö–Ω—è –°–°–°–†//Belyashi with meat,7
–ö–æ—Ç –¢–æ–º ‚ô´,7
–Ø ‚Äî –ì–µ–Ω–∏–π!,7
–ü–∏—Ü—Ü–∞ –Ω–∞ —Å–∫–æ–≤–æ—Ä–æ–¥–µ! –ü–∏—Ü—Ü–∞ –∑–∞ 5 –º–∏–Ω—É—Ç –±–µ–∑ –≤—ã–ø–µ—á–∫–∏!,7
"  –í—ã–±–æ—Ä –≤–∞—Ä–∏–∞–Ω—Ç–∞ —Ä–∞–∑–º–µ—â–µ–Ω–∏—è –≤ –æ—Ç–µ–ª–µ. –ü—Ä–∞–π—Å-–ª–∏—Å—Ç ""–î–∂–µ—Ç –¢—Ä–µ–≤–µ–ª"". ",7
–ó–∞–¥–∞–π –º–Ω–µ –≤–æ–ø—Ä–æ—Å | ask.fm/id138817074,7
–§–æ—Ç–æ –∞–≤—Ç–æ—Ä–∞ –†–£–°–Ø –Ω–∞ –Ø–Ω–¥–µ–∫—Å.–§–æ—Ç–∫–∞—Ö,7
–ü–æ—Ç–µ—Ä—è–Ω–Ω—ã–µ –≤ –ª–∞–±–∏—Ä–∏–Ω—Ç–µ. –í–æ–∑–≤—Ä–∞—â–µ–Ω–∏–µ –∫ —Å–∞–º–æ–º—É –Ω–∞—á–∞–ª—É ‚Äì –ú–∞—Ä–∏–∞–Ω–Ω–∞ –ú–∞–ª–∏–Ω–æ–≤—Å–∫–∞—è,7
–ü—Ä–∏–∫–æ–ª—ã —Å –∂–∏–≤–æ—Ç–Ω—ã–º–∏,7
–£–≥–∞–¥–∞–π –º–µ–ª–æ–¥–∏—é!,7
Moto-Extrime ‚Äî –°–æ—Ä–µ–≤–Ω—É–π—Å—è —Å –¥—Ä—É–∑—å—è–º–∏ –Ω–∞ –º–æ—Ç–æ!,7
–Å–ª–æ—á–∫–∞ 2021,7
"–î–µ—Ä–µ–≤–µ–Ω—Å–∫–∏–µ –ë—É–¥–Ω–∏/—é–º–æ—Ä, —Å–æ–≤–µ—Ç—ã, —Ä–µ—Ü–µ–ø—Ç—ã",7
–û—Ç–∫—Ä—ã—Ç–∫–∏ –∑–∞–≥—Ä—É–∂–µ–Ω–Ω—ã–µ –ø–æ–ª—å–∑–æ–≤–∞—Ç–µ–ª–µ–º ***–ï–õ–ï–ù–ê ***–ù–ï–ë–ï–°–ê**. C—Ç—Ä–∞–Ω–∏—Ü–∞ 197,7
–ì–µ–ª—å-–ª–∞–∫–∏,7
Cube Day Z (–Ω–æ–≤–∞—è –∞–Ω–¥—Ä–æ–∏–¥ –≤–µ—Ä—Å–∏—è!),7
"–õ–∞–π–∫–æ–º–µ—Ä –í–ö–æ–Ω—Ç–∞–∫—Ç–µ - –Ω–∞—Å—Ç–æ—è—â–∏–π, –±–æ–ª–µ–µ 3 –º–∏–ª–ª–∏–æ–Ω–æ–≤ –ø–æ–ª—å–∑–æ–≤–∞—Ç–µ–ª–µ–π!",7
–•–≤–∞—Ç–∏—Ç –ë–æ—è—Ç—å—Å—è!,7
–°—Ç–∞–Ω—å –•—Ä–∞–Ω–∏—Ç–µ–ª–µ–º –ù–µ–±–µ—Å!,7
–¢–∞–π–Ω–∞—è –ó–µ–º–ª—è,7
–ü–û–í–ï–†–¨ –í –°–ï–ë–Ø,7
–ù–æ–≤–æ–≥–æ–¥–Ω–∏–π –ó–∞–±–µ–≥ üéÜ,7
Coins & Coupons,7
–ó–∞–¥–∞–π –º–Ω–µ –≤–æ–ø—Ä–æ—Å | ask.fm/Kosulnikov,7
"–§–µ—Ä–º–∞ ""–î–æ–ª–∏–Ω–∞ –¶–≤–µ—Ç–æ–≤""",7
Colonelcassad,7
–¢–µ—Å—Ç—ã,7
–¢–µ—Ö–Ω–∏–∫–∞ –∏—Å—Ü–µ–ª–µ–Ω–∏—è —Ñ–∏–æ–ª–µ—Ç–æ–≤—ã–º –ø–ª–∞–º–µ–Ω–µ–º,7
"–ó–∞—â–∏—Ç–∞–¥–µ—Ç–µ–π.—Ä—Ñ ‚Äî –ú–µ–∂—Ä–µ–≥–∏–æ–Ω–∞–ª—å–Ω—ã–π —Ä–µ—Å—É—Ä—Å–Ω—ã–π —Ü–µ–Ω—Ç—Ä ""–ó–∞—â–∏—Ç–∞ –¥–µ—Ç–µ–π""",7
–ò–∑ –∫–æ–ª–ª–µ–∫—Ü–∏–∏ ¬´–û—Å–µ–Ω–Ω—è—è —Å–∫–∞–∑–∫–∞ (–∏–∑ –∏–Ω—Ç–µ—Ä–Ω–µ—Ç–∞)¬ª,7
"–ú–∞–∫–µ—Ç—ã –ø–µ—á–∞—Ç–Ω—ã—Ö –º–∞—Ç–µ—Ä–∏–∞–ª–æ–≤ (–±—Ä–æ—à—é—Ä—ã, –ª–∏—Ñ–ª–µ—Ç—ã, –ª–∏—Å—Ç–æ–≤–∫–∏)",7
–ú–∞—Ä–∞—Ñ–æ–Ω –∑–¥–æ—Ä–æ–≤—å—è,7
–ò–∑ –∫–æ–ª–ª–µ–∫—Ü–∏–∏ ¬´—Ü–≤–µ—Ç—ã¬ª,7
–ü–æ—Ç—Ä–µ–±–∏—Ç–µ–ª—å—Å–∏–∫–π –∫—Ä–µ–¥–∏—Ç –æ—Ç –†–æ—Å–±–∞–Ω–∫–∞,7
–û—Ç –î–∏–æ—Ä–∞ –¥–æ –ú–∞–∫–∫—É–∏–Ω–∞: –∏–Ω—Ç–µ–Ω—Å–∏–≤ –æ –º–æ–¥–Ω—ã—Ö –∏–º–µ–Ω–∞—Ö –∏ —Ç—Ä–µ–Ω–¥–∞—Ö –ø–æ—Å–ª–µ–¥–Ω–∏—Ö 50 –ª–µ—Ç | –°–∏–Ω—Ö—Ä–æ–Ω–∏–∑–∞—Ü–∏—è. –ö—É–ª—å—Ç—É—Ä–Ω–∞,7
51786872,7
–û—Ç–∫—Ä—ã—Ç–∫–∏ –∑–∞–≥—Ä—É–∂–µ–Ω–Ω—ã–µ –ø–æ–ª—å–∑–æ–≤–∞—Ç–µ–ª–µ–º ***–ï–õ–ï–ù–ê ***–ù–ï–ë–ï–°–ê**. C—Ç—Ä–∞–Ω–∏—Ü–∞ 4,7
–û—Ç –î–∏–æ—Ä–∞ –¥–æ –ú–∞–∫–∫—É–∏–Ω–∞: –æ –º–æ–¥–Ω—ã—Ö –∏–º–µ–Ω–∞—Ö –∏ —Ç—Ä–µ–Ω–¥–∞—Ö –ø–æ—Å–ª–µ–¥–Ω–∏—Ö 50 –ª–µ—Ç | –°–∏–Ω—Ö—Ä–æ–Ω–∏–∑–∞—Ü–∏—è,7
"–ö–∞—Ä–¥—à–∞—Ä–∏–Ω–≥ —Å–µ—Ä–≤–µ—Ä (–±–µ—Å–ø–ª–∞—Ç–Ω—ã–π —Ç–µ—Å—Ç —à–∞—Ä–∏–Ω–≥–∞, hd –∫–∞–Ω–∞–ª—ã)",7
–û—Ç–∫—Ä–æ–π –°–≤–æ—ë –ì–æ–ª–ª–∏–≤—É–¥—Å–∫–æ–µ –ü—Ä–µ–æ–±—Ä–∞–∂–µ–Ω–∏–µ!,7
–î–∏–∫—Ç–∞—Ç –ú–æ–¥—ã. –ü–∞—Ä–∞–ª–ª–µ–ª—å–Ω—ã–µ –ú–∏—Ä—ã –ê–ª–µ–∫—Å–∞–Ω–¥—Ä–∞ –ú–∞–∫–∫—É–∏–Ω–∞,7
–ü–µ—Ä–≤—ã–π –æ–Ω–ª–∞–π–Ω –∑–∞–µ–º,7
–ê–∫–∞–¥–µ–º–∏—è –≤–µ–¥–∏—á–µ—Å–∫–æ–π –∞—Å—Ç—Ä–æ–ª–æ–≥–∏–∏ –ü—É—Ä—É—à–æ—Ç—Ç–∞–º–∞,7
–ü–æ—Å–º–æ—Ç—Ä–∏—Ç–µ —ç—Ç–æ –≤–∏–¥–µ–æ! –í—ã –Ω–µ –ø–æ–∂–∞–ª–µ–µ—Ç–µ!,7
–ù–æ—Å–∏–∫ –†–æ–∑—ç–ü–æ–¥–ø–∏—à–∏—Å—å –Ω–∞ –õ–∞–π–∫–µ—Ä–∞ –≤ –ø—Ä–∏–ª–æ–∂–µ–Ω–∏–∏ LIKE –∏ –Ω–µ –ø—Ä–æ–ø—É—Å—Ç–∏ —Å–ª–µ–¥—É—é—â–µ–≥–æ —à–æ—É,7
–§–æ—Ç–æ –∞–≤—Ç–æ—Ä–∞ 0dissea –Ω–∞ –Ø–Ω–¥–µ–∫—Å.–§–æ—Ç–∫–∞—Ö,7
"–ó–∞—Ä–∞–±–æ—Ç–∞–π—Ç–µ –±–µ–∑ –≤–ª–æ–∂–µ–Ω–∏–π –∏—Å–ø–æ–ª—å–∑—É—è –∫–æ–º–ø—å—é—Ç–µ—Ä, –ø–ª–∞–Ω—à–µ—Ç –∏–ª–∏ —Å–º–∞—Ä—Ç—Ñ–æ–Ω",7
–Ø –Ω–∞ –°–ø—Ä–∞—à–∏–≤–∞–π,7
–î–µ—Å—è—Ç—ã–π –ú–∏—Ä,7
–§–æ—Ç–æ –∞–≤—Ç–æ—Ä–∞ swet.medwedewa2013 –Ω–∞ –Ø–Ω–¥–µ–∫—Å.–§–æ—Ç–∫–∞—Ö,7
Helium ‚Äî Profit 365,7
VI –µ–∂–µ–≥–æ–¥–Ω–∞—è –ù–∞—Ü–∏–æ–Ω–∞–ª—å–Ω–∞—è –ú—É–∑—ã–∫–∞–ª—å–Ω–∞—è –ü—Ä–µ–º–∏—è –ß–∞—Ä—Ç–æ–≤–∞ –î—é–∂–∏–Ω–∞.,7
–§–æ—Ç–æ –∞–≤—Ç–æ—Ä–∞ Vitalka-i –Ω–∞ –Ø–Ω–¥–µ–∫—Å.–§–æ—Ç–∫–∞—Ö,7
–õ–∞–±–æ—Ä–∞—Ç–æ—Ä–∏—è –º–µ–∂–≤–∏–¥–æ–≤–æ–π –∫–æ–º–º—É–Ω–∏–∫–∞—Ü–∏–∏- Interspecific Communication Laboratory,7
–ü–∞—Ä—Ñ—é–º –ú–∞–≥–∞–¥–∞–Ωüòç,7
Lords Mobile,7
–í–æ–π–¥–∏—Ç–µ –Ω–∞ Facebook,7
Webcam Toy (–í–µ–±–∫–∞–º –¢–æ–π) - –î–µ–ª–∞–π—Ç–µ —Å–Ω–∏–º–∫–∏ —Å –±–æ–ª–µ–µ 80 —ç—Ñ—Ñ–µ–∫—Ç–æ–≤,7
–¢–∏–Ω—å–∫–æ—Ñ—Ñ,7
–ë–∏—Ç–≤–∞ –ì–æ—Ä–æ–¥–æ–≤ Warface ‚Äî –ü—Ä–∏–≤–µ–¥–∏ —Å–≤–æ–π –≥–æ—Ä–æ–¥ –∫ —Å–ª–∞–≤–µ!,7
"Magic button. –í–æ–ª—à–µ–±–Ω–∞—è –∫–Ω–æ–ø–∫–∞ ""–°–¥–µ–ª–∞—Ç—å –≤—Å—ë —Ö–æ—Ä–æ—à–æ""",7
–ü–æ—Ç—Ä–µ–±–∏—Ç–µ–ª—å—Å–∫–∏–π –∫—Ä–µ–¥–∏—Ç –æ—Ç –ì–∞–∑–ø—Ä–æ–º–±–∞–Ω–∫–∞,7
"–•–æ—á–µ—à—å –≤—ã–∏–≥—Ä–∞–µ–º –ø–æ 10 000 —Ä—É–±–ª–µ–π? –ó–∞–≥—Ä—É–∑–∏ —á–µ–∫ –æ—Ç –ø–æ–∫—É–ø–æ–∫ —Å Visa, –∏ —É –Ω–∞—Å –±—É–¥–µ—Ç –ø–æ —à–∞–Ω—Å—É –Ω–∞ –∫–∞–∂–¥–æ–≥–æ.",6
–†—É—Å—Å–∫–∞—è –†–µ—Å–ø—É–±–ª–∏–∫–∞ –†–£–°–¨ - –ó–∞ —Å–≤–æ–±–æ–¥—É –†—É—Å—Å–∫–æ–≥–æ –ù–∞—Ä–æ–¥–∞!!!,6
–†–∞—Å–∫–æ–ø–∞–µ–≤—ã: –ù–æ–≤–æ–≥–æ–¥–Ω–µ–µ –ø—Ä–∏–∫–ª—é—á–µ–Ω–∏–µ - –¢—Ä–∏ –≤ —Ä—è–¥!,6
–¢–µ—Å—Ç –æ—Ç —Ö–æ–∑—è–∏–Ω–∞ —Ç–∞–≤–µ—Ä–Ω—ã,6
Life | –ù–æ–≤–æ—Å—Ç–∏ on Twitter,6
"–í–∏—Ä—Ç—É–∞–ª—å–Ω–∞—è –¥–µ–±–µ—Ç–æ–≤–∞—è –∫–∞—Ä—Ç–∞ –æ—Ç ""–ú–µ–≥–∞—Ñ–æ–Ω""",6
–í–µ–±–∏–Ω–∞—Ä ¬´–ö–∞–∫ –ø–æ–≤—ã—Å–∏—Ç—å —Å–≤–æ—é —Å–∞–º–æ–æ—Ü–µ–Ω–∫—É –∏ –ø–æ–ª—é–±–∏—Ç—å —Å–µ–±—è¬ª. –¢–µ–æ—Ä–∏—è –∏ –ø—Ä–∞–∫—Ç–∏–∫–∞.,6
–û–Ω–ª–∞–π–Ω-—Ä–µ–ø–µ—Ç–∏—Ç–æ—Ä—ã –¥–ª—è —É—á–µ–Ω–∏–∫–æ–≤ 1-11 –∫–ª–∞—Å—Å–æ–≤,6
–ë—Ä–æ–π–ª–µ—Ä —Å—É—Ç–æ—á–Ω—ã–π,6
–û –∑–¥—Ä–æ–≤—å–µ —Å—É—Å—Ç–∞–≤–æ–≤,6
http://vk.com/zombiebattle,6
–°–Ω–∞–π–ø–µ—Ä,6
–ù–æ—Ä–º–∞—Ç–∏–≤–Ω—ã–µ –ø—Ä–∞–≤–æ–≤—ã–µ –∞–∫—Ç—ã - –û—Ñ–∏—Ü–∏–∞–ª—å–Ω—ã–π —Å–∞–π—Ç –¥–ª—è —Ä–∞–∑–º–µ—â–µ–Ω–∏—è –∏–Ω—Ñ–æ—Ä–º–∞—Ü–∏–∏ –æ –ø–æ–¥–≥–æ—Ç–æ–≤–∫–µ –Ω–æ—Ä–º–∞—Ç–∏–≤–Ω—ã—Ö –ø—Ä–∞–≤–æ–≤—ã—Ö –∞–∫—Ç–æ–≤ –∏ —Ä–µ–∑—É–ª—å—Ç–∞—Ç–∞—Ö –∏—Ö –æ–±—Å—É–∂–¥–µ–Ω–∏—è,6
–Å–ª–æ—á–∫–∞ 2019: –ö–µ–ª—å—Ç—Å–∫–∏–µ –ª–µ–≥–µ–Ω–¥—ã,6
School Clicker Wars - Free Mobile Game,6
–ö–∞–ø–∫–∞–Ω –í—Ä–µ–º–µ–Ω–∏,6
–°—Ç—Ä–∞—Ö —Å–º–µ—Ä—Ç–∏ - –∫–∞–∫ —Ä–∞–±–æ—Ç–∞—Ç—å —Å–æ —Å—Ç—Ä–∞—Ö–∞–º–∏,6
–ù–∞–Ω–æ-—Ñ–µ—Ä–º–∞: –Ω–∞—à–µ—Å—Ç–≤–∏–µ –≥–∏–≥–∞–Ω—Ç—Å–∫–∏—Ö –∂—É–∫–æ–≤!,6
–®–∞—Ä–∏–∫–∏: –ò—Å—Ç–æ—Ä–∏—è –¥—Ä—É–∑–µ–π,6
" –í—Å–µ —Ä—É—Å—Å–∫–æ—è–∑—ã—á–Ω—ã–µ –∫–∞–Ω–∞–ª—ã –≤ –æ–¥–Ω–æ–º –ø–∞–∫–µ—Ç–µ! –ö–∞—Ä–¥—à–∞—Ä–∏–Ω–≥ –ù–¢–í –ø–ª—é—Å, —Ç—Ä–∏–∫–æ–ª–æ—Ä, —à–∞—Ä–∏–Ω–≥ –Ω–∞ —à–∞—Ä—É, —à–∞—Ä–∏–Ω–≥ –±–µ—Å–ø–ª–∞—Ç–Ω–æ.  ",6
–î–û–•–û–î –ë–ï–ó –í–õ–û–ñ–ï–ù–ò–ô | –°–í–û–ô –í –ê–õ–¨–§–ï,6
–í–ª–∞–¥–∏—Å–ª–∞–≤ –ë–æ–±–∫–æ–≤,6
Final News - –Ω–æ–≤–æ—Å—Ç–∏ –ø–æ—Å–ª–µ–¥–Ω–∏—Ö –¥–Ω–µ–π,6
–ì–µ–ª—å –¥–ª—è –¥—É—à–∞,6
51827249,6
–ù–ê–ù –ë–µ–ª–∞—Ä—É—Å–∏ –∑–∞–π–º–µ—Ç—Å—è —Ä–∞–∑—Ä–∞–±–æ—Ç–∫–æ–π –≤–∞–∫—Ü–∏–Ω—ã –ø—Ä–æ—Ç–∏–≤ COVID-19,6
–ü—Ä–∏–∑—ã –æ—Ç –ê–≥—É—à–∏ –∫–∞–∂–¥–æ–º—É —É—á–∞—Å—Ç–Ω–∏–∫—É!,6
2048,6
–§–æ—Ç–æ –∞–≤—Ç–æ—Ä–∞ Tatiana –Ω–∞ –Ø–Ω–¥–µ–∫—Å.–§–æ—Ç–∫–∞—Ö,6
–¢—É—Ñ–ª–∏ –∏–∑ –Ω–∞—Ç—É—Ä–∞–ª—å–Ω–æ–π –∫–æ–∂–∏,6
–ù–∞–Ω–æ-—Ñ–µ—Ä–º–∞: –í–µ—Å–Ω–∞,6
–ö–ª—É–±–Ω–∏–∫–∞. –û–±–æ–∏ –¥–ª—è —Ä–∞–±–æ—á–µ–≥–æ —Å—Ç–æ–ª–∞,6
–ú–∏—Ä –æ—Ä—É–∂–∏—è (World of Guns: Gun Disassembly),6
–¶–≤–µ—Ç–æ—á–Ω–æ–µ –∞—Å—Å–æ—Ä—Ç–∏. –û–±–æ–∏ –¥–ª—è —Ä–∞–±–æ—á–µ–≥–æ —Å—Ç–æ–ª–∞,6
–õ–µ–æ–ø–∞—Ä–¥. –û–±–æ–∏ –¥–ª—è —Ä–∞–±–æ—á–µ–≥–æ —Å—Ç–æ–ª–∞,6
–§–æ—Ç–æ –∞–≤—Ç–æ—Ä–∞ –°–µ—Ä–≥–µ–π –ü—Ä–æ—à–∏–Ω –Ω–∞ –Ø–Ω–¥–µ–∫—Å.–§–æ—Ç–∫–∞—Ö,6
–ë–µ—Å–ø–ª–∞—Ç–Ω—ã–π –æ–Ω–ª–∞–π–Ω –º–∞—Å—Ç–µ—Ä-–∫–ª–∞—Å—Å —Å –î–º–∏—Ç—Ä–∏–µ–º –ï—Ä–º–æ–ª–∞–µ–≤—ã–º,6
"CryptoTab Browser - –õ–µ–≥–∫–∏–π, –±—ã—Å—Ç—Ä—ã–π –∏ –≥–æ—Ç–æ–≤—ã–π –∫ –º–∞–π–Ω–∏–Ω–≥—É!",6
–ì–ª–∞–≤–Ω–∞—è - –≠–ª–∏—Ç–º–µ—Ö–∞,6
www.livegames.ru - –º–Ω–æ–≥–æ–ø–æ–ª—å–∑–æ–≤–∞—Ç–µ–ª—å—Å–∫–∏–µ –æ–Ω–ª–∞–π–Ω –∏–≥—Ä—ã,6
–§–æ—Ç–æ –∞–≤—Ç–æ—Ä–∞ ankicha –Ω–∞ –Ø–Ω–¥–µ–∫—Å.–§–æ—Ç–∫–∞—Ö,6
–§–æ—Ç–æ –∞–≤—Ç–æ—Ä–∞ alexander-andronik –Ω–∞ –Ø–Ω–¥–µ–∫—Å.–§–æ—Ç–∫–∞—Ö,6
bahti_tashkenski - BIGO LIVE,6
–§–æ—Ç–æ –∞–≤—Ç–æ—Ä–∞ –ì–æ–Ω—á–∞—Ä–æ–≤–∞ –¢–∞—Ç—å—è–Ω–∞. –Ω–∞ –Ø–Ω–¥–µ–∫—Å.–§–æ—Ç–∫–∞—Ö,6
–û—Ç–∫—Ä—ã—Ç–∫–∏ –∑–∞–≥—Ä—É–∂–µ–Ω–Ω—ã–µ –ø–æ–ª—å–∑–æ–≤–∞—Ç–µ–ª–µ–º ***–ï–õ–ï–ù–ê ***–ù–ï–ë–ï–°–ê**. C—Ç—Ä–∞–Ω–∏—Ü–∞ 2,6
–û—Ç–∫—Ä—ã—Ç–∫–∏ –∑–∞–≥—Ä—É–∂–µ–Ω–Ω—ã–µ –ø–æ–ª—å–∑–æ–≤–∞—Ç–µ–ª–µ–º ***–ï–õ–ï–ù–ê ***–ù–ï–ë–ï–°–ê**. C—Ç—Ä–∞–Ω–∏—Ü–∞ 6,6
–ò–∑ –∫–æ–ª–ª–µ–∫—Ü–∏–∏ ¬´–ê–Ω–∏–º–∞—Ü–∏—è –∏–ª–ª—é–∑–∏–∏..¬ª,6
–ò–∑ –∫–æ–ª–ª–µ–∫—Ü–∏–∏ ¬´–ê–†–•–ò–í (–ú–û–ë–ò–õ–¨–ù–ê–Ø –ê–ù–ò–ú–ê–¶–ò–Ø)¬ª,6
–†–∞–∑–¥–∞—á–∞ –∏–≥—Ä—ã Counter-Strike: Global Offensive,6
–ó–û–ù–ö Pro,6
–ö–ê–ù–ê–õ: –ò–∑–º–µ–Ω–∏ –º—ã—à–ª–µ–Ω–∏–µ - –∏ —Ç—ã –∏–∑–º–µ–Ω–∏—à—å —Å–≤–æ—é –∂–∏–∑–Ω—å.,6
–ë–æ–¥–∏,6
–ö—Ä–æ–≤–∞—Ç—å,6
–ò–≥—Ä–æ–≤—ã–µ –∞–≤—Ç–æ–º–∞—Ç—ã 2013,6
–ò–∑ –∫–æ–ª–ª–µ–∫—Ü–∏–∏ ¬´–æ—Å–µ–Ω—å¬ª,6
–¢—É–Ω–∏–∫–∞,6
–ö—Ä–æ–∫—É—Å—ã. –û–±–æ–∏ –¥–ª—è —Ä–∞–±–æ—á–µ–≥–æ —Å—Ç–æ–ª–∞,6
"–¢–æ–∫–∏–æ, –Ø–ø–æ–Ω–∏—è. –û–±–æ–∏ –¥–ª—è —Ä–∞–±–æ—á–µ–≥–æ —Å—Ç–æ–ª–∞",6
–ë–æ—Å–æ–Ω–æ–∂–∫–∏ –∏–∑ –Ω–∞—Ç—É—Ä–∞–ª—å–Ω–æ–π –∫–æ–∂–∏,6
–ö–æ–Ω–∫—É—Ä—Å –°–ø–∞—Å–∏–±–æ –∑–∞ –ü–æ–±–µ–¥—É!,6
–ó–Ω–∞–º–µ–Ω–∏—Ç–∞—è –ê—Ä–∫–∞–¥–∏—è —Å –æ—Ç–¥—ã—Ö–æ–º –Ω–∞ –º–æ—Ä–µ,6
http://vk.com/findchars,6
–ö–æ–Ω–∫—É—Ä—Å —Ñ–æ—Ç–æ–≥—Ä–∞—Ñ–∏–π ,6
–¶–≤–µ—Ç–æ—á–Ω—ã–µ –õ—É–≥–∞,6
–†–∞–∑—Ä—É—à–∏—Ç—å –ª–æ–≥–æ–≤–æ –ú—É—Ä–ª–æ–¥–æ–≤,6
Facebook,6
–ú–∞—Å—Ç–µ—Ä - —Ç—Ä–µ–Ω–∏–Ω–≥: ¬´–°–µ–∫—Ä–µ—Ç–Ω—ã–µ —Ñ–∏—à–∫–∏ —É–ø—Ä–∞–≤–ª–µ–Ω–∏—è –∫–æ–º–º—É–Ω–∏–∫–∞—Ü–∏–µ–π¬ª | –ê—Ñ–∏—à–∞ –ë–∏–∑–Ω–µ—Å –°–æ–±—ã—Ç–∏–π –¢—é–º–µ–Ω–∏,6
–§–æ—Ä—Å–∞–∂,6
–ó–∞–ø–∏—Å—å –Ω–∞ –∫–æ–Ω—Å—É–ª—å—Ç–∞—Ü–∏—é.,6
SlotoBOOM –ò–≥—Ä–æ–≤—ã–µ –∞–≤—Ç–æ–º–∞—Ç—ã –Ω–æ–≤–æ–≥–æ –ø–æ–∫–æ–ª–µ–Ω–∏—è,6
"–° 8 –º–∞—Ä—Ç–∞, –¥–µ–≤—É—à–∫–∏!",6
–° –¥–æ–±—Ä—ã–º —É—Ç—Ä–æ–º! :),6
–í—Å–µ –æ–±–æ –≤—Å–µ–º,6
Crowd1,6
–¢–æ–ø—Å—Ç–∞—Ç—É—Å,6
–°—Ç–∞—Ç—É—Å—ã –≤ –∫–æ–Ω—Ç–∞–∫—Ç–µ –ø—Ä–æ –ª—é–±–æ–≤—å. –ü—Ä–∏–∫–æ–ª—å–Ω—ã–µ —Å—Ç–∞—Ç—É—Å—ã –æ –ª—é–±–≤–∏ –¥–ª—è –í–ö–æ–Ω—Ç–∞–∫—Ç–µ –∏ –∞—Å—å–∫–∏. –õ—é–±–æ–≤–Ω—ã–µ —Å—Ç–∞—Ç—É—Å—ã ,6
29 –∏—é–Ω—è 2018 –≥.,6
–Å–ª–æ—á–∫–∞ 2016: –Ø—Ä–º–∞—Ä–∫–∞ –ß—É–¥–µ—Å,6
"–ö–∞—Ä—Ç–æ—Ñ–µ–ª—å–Ω—ã–µ –∑—Ä–∞–∑—ã, –ø—Ä—è–º–æ —Ç–∞—é—Ç –≤–æ —Ä—Ç—É - –±—é–¥–∂–µ—Ç–Ω—ã–π –≤–∞—Ä–∏–∞–Ω—Ç (Potato pancakes (ZRAZES))  –ú–∞–º–∏–Ω—ã —Ä–µ—Ü–µ–ø—Ç—ã",6
–£–≥–ª–æ–≤–æ–π –¥–∏–≤–∞–Ω,6
–§–æ—Ç–æ –∞–≤—Ç–æ—Ä–∞ Shokoladka-Kate –Ω–∞ –Ø–Ω–¥–µ–∫—Å.–§–æ—Ç–∫–∞—Ö,6
–ö–æ–º–æ–¥ –∏–∑ –º–∞—Å—Å–∏–≤–∞ –¥–µ—Ä–µ–≤–∞ –±/—É,6
–†–æ–∑–∞. –û–±–æ–∏ –¥–ª—è —Ä–∞–±–æ—á–µ–≥–æ —Å—Ç–æ–ª–∞,6
–ü—Ä–∞–∑–¥–Ω–∏–∫–∏ - –ú–µ–∂–¥—É–Ω–∞—Ä–æ–¥–Ω—ã–π –∂–µ–Ω—Å–∫–∏–π –¥–µ–Ω—å - 8 –ú–∞—Ä—Ç–∞ 2013 - 8 –º–∞—Ä—Ç–∞ - –ü—Ä–æ—Å–º–æ—Ç—Ä,6
- Nursultan Baktbe on BIGO LIVE,6
"–°–∏—Å—Ç–µ–º–∞ –ê–∫—Ç–∏–≤–Ω–æ–π –†–µ–∫–ª–∞–º—ã –≤–∞—à–µ–≥–æ —Å–∞–π—Ç–∞ –≤ —Å–µ—Ç–∏ –∏–Ω—Ç–µ—Ä–Ω–µ—Ç ‚Äì –°–ê–† (–Ω–∞–∫—Ä—É—Ç–∫–∞ —Ç—Ä–∞—Ñ–∏–∫–∞, –≥–æ–ª–æ—Å–æ–≤–∞–Ω–∏–π, –∫–ª–∏–∫–æ–≤, ",6
–ü—Ä–æ–±—É—é –Ø–Ω–¥–µ–∫—Å.–î–∏—Å–∫ ‚Äî –Ω–æ–≤—ã–π —Å–µ—Ä–≤–∏—Å –æ—Ç –Ø–Ω–¥–µ–∫—Å–∞.,6
–õ—É—á—à–∏–π –¥–µ–Ω—å –≤ –º–æ–µ–π –∂–∏–∑–Ω–∏!,6
–õ—É—á—à–∏–µ –º–æ–º–µ–Ω—Ç—ã –í–∫–æ–Ω—Ç–∞–∫—Ç–µ,6
–®–∞—Ä–æ–±—É–º - —Å–±–∏–≤–∞–π —à–∞—Ä–∏–∫–∏!,6
–ó–∞—Ä–∞–±–æ—Ç–æ–∫ –±–µ–∑ –≤–ª–æ–∂–µ–Ω–∏–π –∏ —Å –≤–ª–æ–∂–µ–Ω–∏—è–º–∏!,6
–û–Ω–ª–∞–π–Ω-–º–∞–≥–∞–∑–∏–Ω –ü—Ä–µ–¥—Å—Ç–∞–≤–∏—Ç–µ–ª—è,6
–ü–µ—Ä–µ—Ö–æ–¥ –ø–æ —Å—Å—ã–ª–∫–µ,6
Senler - —Ä–∞—Å—Å—ã–ª–∫–∞ —Å–æ–æ–±—â–µ–Ω–∏–π,6
–°—Ç—Ä–æ–π –ú–∏—Ä 3D,6
‚Ä¢ –¢–≤–æ—è –ª–µ–Ω—Ç–∞ ‚Ä¢ –¢–µ–±–µ —ç—Ç–æ –Ω—Ä–∞–≤–∏—Ç—Å—è!,6
–ó–∞—Ä–∞–±–æ—Ç–∞–π –Ω–∞ —Å–≤–æ–µ–º –∫–æ–º–ø—å—é—Ç–µ—Ä–µ - Ltcraft.Ru,6
–¢—É–∑–µ–º—Ü—ã –∏ –ó–∞–º–∫–∏,6
–†–µ–∑—É–ª—å—Ç–∞—Ç –ø–æ–∏—Å–∫–∞,6
ab6eff595bb1.png,6
"–ß–µ–º–ø–∏–æ–Ω–∞—Ç –º–∏—Ä–∞ –ø–æ —Ö–æ–∫–∫–µ—é (–®–≤–µ—Ü–∏—è - –§–∏–Ω–ª—è–Ω–¥–∏—è, 03-19.05.2013)",6
–∏–≥—Ä—ã –º–æ–Ω—Å—Ç—Ä —Ö–∞–π –∏–≥—Ä–∞—Ç—å - –Ø–Ω–¥–µ–∫—Å.–ö–∞—Ä—Ç–∏–Ω–∫–∏ #yandeximages,6
–ö–ª–µ–≤–µ—Ä,6
–ü—Ä–∏–ª–æ–∂–µ–Ω–∏—è –≤ Google Play ‚Äì –°–∏–º—É–ª—è—Ç–æ—Ä –¢—é—Ä—å–º—ã,6
–®–æ–∫–æ–ª–∞–¥–Ω—ã–π –ø–æ–¥–∞—Ä–æ–∫ –õ—é–±–∏–º–æ–º—É –ø–∞–ø–æ—á–∫–µ,6
–í—É–ª–∫–∞–Ω: –ò–≥—Ä–æ–≤—ã–µ –ê–≤—Ç–æ–º–∞—Ç—ã,6
–í—ã—Ä–∞—Å—Ç–∏ –ø–æ–ø—É–≥–∞—è!!!,6
"–ü–æ–º–æ–≥—É –ø–æ–¥–æ–±—Ä–∞—Ç—å —Ç—É—Ä –Ω–∞ –ª—é–±–æ–π –∫—É—Ä–æ—Ä—Ç (–¢—É—Ä—Ü–∏—è, –ï–≥–∏–ø–µ—Ç, –¢–∞–π–ª–∞–Ω–¥, –ï–≤—Ä–æ–ø–∞ –∏ —Ç.–¥.).",6
–†—ã—Ü–∞—Ä–∏: –ë–∏—Ç–≤–∞ –ì–µ—Ä–æ–µ–≤,6
–ù–æ–≤–æ–≥–æ–¥–Ω–∏–π –º–∞—Ä–∞—Ñ–æ–Ω,6
–ó–∞–±–ª–æ–∫–∏—Ä–æ–≤–∞–Ω–Ω—ã–µ –¥—Ä—É–∑—å—è.,6
–ö—Ç–æ —Ö–æ—á–µ—Ç —Å—Ç–∞—Ç—å –ú–∏–ª–ª–∏–æ–Ω–µ—Ä–æ–º?,6
https://vk.com/wall-135406024_193,6
GuessMe - —É–≥–∞–¥–∞–π–∫–∞ –∏ –∑–Ω–∞–∫–æ–º—Å—Ç–≤–∞ —Å –¥—Ä—É–∑—å—è–º–∏,6
–í–∂–∏–∫-–í–∂–∏–∫,6
–ö–æ–º–∞—Ä–æ–≤–æ,6
–ü—Ä–∏–ª–æ–∂–µ–Ω–∏—è –≤ Google Play ‚Äì –ö—Ç–æ –¥—É—Ä–∞–∫,6
"‚ñ∫ –í–∏–¥–µ–æ–∞–ª—å–±–æ–º ""–°–æ—Ö—Ä–∞–Ω—ë–Ω–Ω—ã–µ —Ñ–æ—Ç–æ–≥—Ä–∞—Ñ–∏–∏""",6
–∫–∞—Ä—Ç–∏–Ω–∫–∏ —Ä–∞–ª—å—Ñ –º—É–ª—å—Ç–∏–∫ - –Ø–Ω–¥–µ–∫—Å.–ö–∞—Ä—Ç–∏–Ω–∫–∏ #yandeximages,6
–ù–∞—Å–∫–æ–ª—å–∫–æ –í—ã –£–º–Ω—ã?,6
–ò–∑ –∫–æ–ª–ª–µ–∫—Ü–∏–∏ ¬´–ü—Ä–∏—Ä–æ–¥–∞ –≥–∏—Ñ¬ª,6
Warface: –°–µ–∑–æ–Ω –û—Ö–æ—Ç—ã,6
–ê–≤—Ç–æ—Ä–∏–∑–∏—Ä–æ–≤–∞—Ç—å—Å—è –Ω–∞ –í–∫–æ–Ω—Ç–∞–∫—Ç–µ,6
Likee –ú–∞—Å–ª–µ–Ω–∏—Ü–∞,6
–®–æ–∫–∏—Ä—É—é—â–∞—è –≠–ª—å–∑–∞ –°–∫–∏–∞–ø–∞—Ä–µ–ª–ª–∏,6
–û—Ç –î–∏–æ—Ä–∞ –¥–æ –ú–∞–∫–∫—É–∏–Ω–∞: –∏–Ω—Ç–µ–Ω—Å–∏–≤ –æ –º–æ–¥–Ω—ã—Ö –∏–º–µ–Ω–∞—Ö –ø–æ—Å–ª–µ–¥–Ω–∏—Ö 50 –ª–µ—Ç,6
–ü–æ–ª—å –ü—É–∞—Ä–µ- —Å—É–ª—Ç–∞–Ω –≤—ã—Å–æ–∫–æ–π –º–æ–¥—ã,6
–ü–æ—Å–µ—Ç–∏—Ç–µ –º–æ–π –æ–Ω–ª–∞–π–Ω-–º–∞–≥–∞–∑–∏–Ω Avon,6
–ù–æ–≤—ã–π –≥–æ–¥ —Å Pepsi,6
–ñ–∏–≤–∞—è –æ—á–µ—Ä–µ–¥—å # 658183,6
–û –ø—Ä–æ–µ–∫—Ç–µ. Galam TV - –ù–∞—Ü–∏–æ–Ω–∞–ª—å–Ω–æ–µ –∏–Ω—Ç–µ—Ä–Ω–µ—Ç —Ç–µ–ª–µ–≤–∏–¥–µ–Ω–∏–µ. –í—Å–µ–≥–¥–∞ –∏ –≤–µ–∑–¥–µ.,6
Darya,6
–§–æ—Ç–æ–≥—Ä–∞—Ñ–∏–∏ –Æ–ú–û–† - –ú–æ–π –ú–∏—Ä@Mail.ru,6
"–ü—Ä–∏–µ–º–Ω–æ–π  –º–∞–º–µ –Ω—É–∂–Ω–∞ –ø–æ–º–æ—â—å, —á—Ç–æ–±—ã –∑–∞–±—Ä–∞—Ç—å –ú–∞—Ç–≤–µ—è –ó–∞—Ö–∞—Ä–µ–Ω–∫–æ –≤ —Å–≤–æ—é —Å–µ–º—å—é",6
–í–û–õ–ö–ò. –î—É—à–∞ –≤ –¥—É—à—É.. | OK.RU,6
Readovka,6
Meloman ,6
"–ö–∞–∑–∏–Ω–æ –ü–∏—Ä–∞–º–∏–¥–∞ - –∏–≥—Ä–æ–≤—ã–µ –∞–≤—Ç–æ–º–∞—Ç—ã –ó–æ–ª–æ—Ç–æ –ê—Ü—Ç–µ–∫–æ–≤ –∏–≥—Ä–∞—Ç—å –æ–Ω–ª–∞–π–Ω –Ω–∞ —Ä–µ–∞–ª—å–Ω—ã–µ –¥–µ–Ω—å–≥–∏ –£–∫—Ä–∞–∏–Ω–∞ (–≥—Ä–∏–≤–Ω—ã), –†–æ—Å—Å–∏—è (—Ä—É–±–ª–∏), –≤–µ–±–º–∞–Ω–∏ (wmz wmr wmu) –∏ –±–µ—Å–ø–ª–∞—Ç–Ω–æ",6
4523773,6
–ü—Ä—è–º–æ–π —ç—Ñ–∏—Ä. –ü–µ—Ä–≤—ã–π –∫–∞–Ω–∞–ª,6
My Railway,6
Vegan,6
–ì–µ—Ä–æ–∏ –ê—Ä–µ–Ω—ã,6
https://vk.com/wall421385161_12444,6
–ñ–∏–∑–Ω—å 3D: –ù–∞–π–¥–∏ —Å–≤–æ—é –ª—é–±–æ–≤—å!,6
–¢–æ–ª—å–∫–æ –¥–ª—è —Ç–µ–±—è ‚Äî –ª—É—á—à–∏–µ –ø—É—à–∫–∏!,6
–†–∞–∑–¥–∞—á–∞ –∏–≥—Ä—ã Call of Duty: Black Ops II. Limited Edition,6
–ö—Ä–µ–¥–∏—Ç–Ω–∞—è –∫–∞—Ä—Ç–∞ –¢–∏–Ω—å–∫–æ—Ñ—Ñ –ü–ª–∞—Ç–∏–Ω—É–º,6
–î–∞—Ä—å—è –ú–∞—Ä—Ç—ã–Ω–µ–Ω–∫–æ - –ù–∞—Ü–∏–æ–Ω–∞–ª—å–Ω—ã–π –ö–æ–Ω–∫—É—Ä—Å –ú–∏—Å—Å –†–æ—Å—Å–∏—è,6
–ò–Ω–¥—Ä–∏–∫,6
–ñ–µ–ª–∞–Ω–∏—è,6
–ö–∞—Ä—Ç–∞ —Å–æ–∫—Ä–æ–≤–∏—â,6
–ó–≤—ë–∑–¥–Ω—ã–µ –≤–æ–π–Ω—ã,6
–ë—É–¥—å—Ç–µ –≥–æ—Ç–æ–≤—ã –∫ –≤–æ–π–Ω–µ –Ω–∞ –Ω–æ–≤–æ–º —É—Ä–æ–≤–Ω–µ –≤ —ç—Ç–æ–π –±–µ—Å–ø–ª–∞—Ç–Ω–æ–π –ú–ú–û-—Å—Ç—Ä–∞—Ç–µ–≥–∏–∏!,6
–ú–∞–≥–∏—á–µ—Å–∫–∞—è –∫—É—Ö–Ω—è: 3 –≤ —Ä—è–¥,6
ADT | –û—Ä–≥–∞–Ω–∏–∑–∞—Ç–æ—Ä –≤—ã—Å—Ç–∞–≤–æ–∫ –≤ –•–∞—Ä—å–∫–æ–≤–µ,6
–í—Å—Ç—Ä–µ—á–∞–π –Ω–æ–≤—ã–π –≥–æ–¥ —Å Warface!,6
Imgur: The most awesome images on the Internet,6
–í—Ä–µ–º—è —à—Ç—É—Ä–º–æ–≤–∞—Ç—å ¬´–ß–µ—Ä–Ω—É—é –∞–∫—É–ª—É¬ª!,6
https://vk.com/ae_app#/alibox,6
‚ÄéMobile Legends: Bang Bang,6
–ü–æ–∫–µ—Ä - TopHit Poker,6
–ì—Ä—É–∑–æ–ø–µ—Ä–µ–≤–æ–∑–∫–∏ –≥–∞–∑–µ–ª—å 4–º,2
widget-na-instagramm,2
–°–æ–∫—Ä–æ–≤–∏—â–∞ –ü–∏—Ä–∞—Ç–æ–≤,3044
6035793,1318
–ó–û–ù–ö Pro üé≤,1248
–í –æ–∫–æ–ø–µ,553
–ó–û–ù–ö Pro,485
8139366,260
–î–æ–ª–∏–Ω–∞ –°–ª–∞–¥–æ—Å—Ç–µ–π,251
51722498,241
51743062,233
Lords&Swords,232
Contract Wars - F2P First Person Shooter,212
–î–£–†–ê–ö –ù–û–í–´–ô,201
–ó–∞–ø–æ—Ä–æ–∂—å–µ,187
"–ê–≤–∞—Ç–∞—Ä–∏—è ‚Äî –º–∏—Ä, –≥–¥–µ —Å–±—ã–≤–∞—é—Ç—Å—è –º–µ—á—Ç—ã",158
–ó–ª–∞—è –°–∫–∞–∑–∫–∞,147
@autoalibaba.ru (Taplink),145
–Ø –Ω–∞ –°–ø—Ä–∞—à–∏–≤–∞–π.—Ä—É,144
51789496,135
–°—Ç—Ä–æ–π–Ω–æ—Å—Ç—å –Ω–∞–º –∫ –ª–∏—Ü—É,129
–°–æ–ª–¥–∞—Ç —É–¥–∞—á–∏,103
–ò–Ω—Ç–µ—Ä–Ω: —Ç—Ä–∏ –≤ —Ä—è–¥!,94
51788035,93
–ú–∏—Ä –ø–µ—Å–µ–Ω ‚Äî –¢–µ–∫—Å—Ç—ã –ø–µ—Å–µ–Ω –∏ –∞–∫–∫–æ—Ä–¥—ã,83
51748213,78
–ë–æ–π —Å —Ç–µ–Ω—å—é,78
–†–µ–≤–æ–ª—é—Ü–∏—è,69
–î–æ–º–æ–≤—è—Ç–∞,67
http://vk.com/ranks,60
51767179,54
–ò–Ω—Ç–µ—Ä–Ω—ã,53
–§—Ä—É–∫—Ç–æ–≤–∞—è –°—Ç—Ä–∞–Ω–∞: —Ç—Ä–∏ –≤ —Ä—è–¥,52
–ì–æ—Ä–æ–¥—Å–∫–∏–µ –¥–µ–≤—á–æ–Ω–∫–∏,48
–î–ª—è –ø—Ä–æ—Å–º–æ—Ç—Ä–∞ –Ω—É–∂–Ω–æ –≤–æ–π—Ç–∏ –∏–ª–∏ –∑–∞—Ä–µ–≥–∏—Å—Ç—Ä–∏—Ä–æ–≤–∞—Ç—å—Å—è,48
World Poker Club - –ü–æ–∫–µ—Ä,47
–§–æ—Ç–æ–≥—Ä–∞—Ñ –ú–∞—Ä–∞—Ç –®–∞—Ö–º–∞–º–µ—Ç—å–µ–≤,46
–ö–æ—Ä–æ–≤—ã –ø—Ä–æ—Ç–∏–≤ –ü—Ä–∏—à–µ–ª—å—Ü–µ–≤,43
–°–ª–∞–¥–∫–∏–µ –ó–∞–≥–∞–¥–∫–∏: 3-–≤-—Ä—è–¥,42
–ö–æ—Å–º–æ: —Ç—Ä–∏ –≤ —Ä—è–¥!,40
–ü–ª–æ—Ö–∞—è –¥–µ–≤–æ—á–∫–∞,40
51758927,40
51765126,38
–û–±—Ä–∏—Å—É–π–∫–∞ ‚Äî —Ä–∏—Å—É–µ–º –∏ –æ—Ü–µ–Ω–∏–≤–∞–µ–º,37
–ü–æ—Å—Ç–ê–ø: –ê–Ω—Ç–æ–ª–æ–≥–∏—è –∂–∞–Ω—Ä–∞,36
–†—ã—Ü–∞—Ä–∏: –ë–∏—Ç–≤–∞ –ì–µ—Ä–æ–µ–≤,34
–Ø —Å–æ–≤–µ—Ä—à–∏–ª –¥–æ—Å—Ç–∏–∂–µ–Ω–∏–µ –≤ –ù–µ–±–µ—Å–∞—Ö!,34
"–ß–µ, —É–º–Ω—ã–π?",34
51776529,30
Topface. –ó–Ω–∞–∫–æ–º—Å—Ç–≤–∞ –∏ –æ–±—â–µ–Ω–∏–µ. | –í–ö–æ–Ω—Ç–∞–∫—Ç–µ,28
51749151,28
–î–æ—Ç–∞ 2: –ü—É–¥–∂,27
–Å–ª–æ—á–∫–∞ 2019: –ö–∏—Ç–∞–π—Å–∫–∏–π –ù–æ–≤—ã–π –≥–æ–¥,26
51764239,26
–ú–∞–º–∞ –∏ —è - Android Apps on Google Play,25
–ö–æ–ª–æ–Ω–∏–∑–∞—Ç–æ—Ä—ã - –∫–æ—Å–º–∏—á–µ—Å–∫–∞—è 3D —Å—Ç—Ä–∞—Ç–µ–≥–∏—è,25
–ü—Ä–∏–ª–æ–∂–µ–Ω–∏—è –≤ Google Play ‚Äì –ù–∞–π–¥–∏ –°–ª–æ–≤–∞,25
–°–ø–∞—Ä—Ç–∞: –≤–æ–π–Ω–∞ –∏–º–ø–µ—Ä–∏–π,23
–í–∞—à–∏ –≥–æ—Å—Ç–∏ –∏ –¥—Ä—É–∑—å—è!,23
–†–æ–º–∞—à–∫–æ–≤–æ,23
Garena Free Fire,23
–¢—Ä–∞–∫—Ç–æ—Ä–∏—Å—Ç,23
–ù–∞–∫–æ—Ä–º–∏ –º–∞–ª—ã—à–∞,22
Mortal Portal,22
https://vk.com/pokerist,22
–Å–ª–æ—á–∫–∞ 2016,22
"‚ñ∫ –í–∏–¥–µ–æ–∞–ª—å–±–æ–º ""–í—Å–µ —Ñ–æ—Ç–æ""",22
–ü—Ä–∏–ª–æ–∂–µ–Ω–∏—è –≤ Google Play ‚Äì Mobile Legends: Bang Bang,22
–ù–µ–±–µ—Å–∞: —É–Ω–∏–∫–∞–ª—å–Ω–∞—è MMORPG,21
–î—Ä–∞–≥–æ—Ü–µ–Ω–Ω—ã–µ –ö–∞–º–Ω–∏,20
¬∞ŒúœÖœáŒ±ŒºŒºŒ±dŒ∂ŒøŒ∑¬∞–ü–æ–¥–ø–∏—à–∏—Å—å –Ω–∞ –õ–∞–π–∫–µ—Ä–∞ –≤ –ø—Ä–∏–ª–æ–∂–µ–Ω–∏–∏ LIKE –∏ –Ω–µ –ø—Ä–æ–ø—É—Å—Ç–∏ —Å–ª–µ–¥—É—é—â–µ–≥–æ —à–æ—É,20
–°–∫–∞—á–∞—Ç—å | Viber,19
–ó–≤–µ–∑–¥–æ–ø–∞–¥,19
–î—Ä–µ–≤–Ω—è—è —Ç–∞–π–Ω–∞,18
–ë–µ—Å—Å–º–µ—Ä—Ç–Ω—ã–π –ø–æ–ª–∫,18
http://vk.com/play_univer,18
–ë—é—Ä–æ-—Å–ø—Ä–∞–≤–æ—á–Ω–∞—è,17
http://vk.com/modnicy,17
–î–∏–∞–º–∞–Ω—Ç: –¢—Ä–∏ –≤ —Ä—è–¥,17
–ö–æ—Ä–æ–ª—å –ê–∑–∞—Ä—Ç–∞ - –∏–≥—Ä–æ–≤—ã–µ –∞–≤—Ç–æ–º–∞—Ç—ã –∏ —Å–ª–æ—Ç—ã!,17
–¶—Å–∫–∞ –í–ø–µ—Ä—ë–¥ - BIGO LIVE,16
http://vk.com/varwars?ad_id=wall246092419_246092419,16
–ü—É—Ç—å –í–æ–∏–Ω–∞: –ë–∏—Ç–≤–∞ –ì–µ—Ä–æ–µ–≤,16
51780233,16
–°–ª–æ—Ç—ã –ú–∞–π—è: dev,15
51793683,15
–ö–ª–∏–ø –ú–∞—Å—Ç–µ—Ä - –≤–∏–¥–µ–æ —Ä–æ–ª–∏–∫–∏ –∏–∑ —Ñ–æ—Ç–æ —Å–≤–æ–∏–º–∏ —Ä—É–∫–∞–º–∏,15
2-–π –ú–∞—Ä–∞—Ñ–æ–Ω –ñ–µ–Ω—Å—Ç–≤–µ–Ω–Ω–æ—Å—Ç–∏ 2013 –≥–æ–¥–∞ –æ—Ç –ê–ª–µ–∫—Å–µ—è –∏ –û–ª—å–≥–∏ –í–∞–ª—è–µ–≤—ã—Ö,15
51786872,15
"–õ—è–º—É—Ä: –∑–Ω–∞–∫–æ–º—Å—Ç–≤–∞, –æ–±—â–µ–Ω–∏–µ, —Ñ–ª–∏—Ä—Ç –∏ —Ä–∞–∑–≤–ª–µ—á–µ–Ω–∏—è!",15
–ë–∞–Ω–¥–∏—Ç –ï–∑–∏–¥ - BIGO LIVE,14
–ü—Ä–æ–∫–ª—è—Ç–∏–µ –ß–∞—Å–æ–≤—â–∏–∫–∞,14
–ü—Ä–∏–∫–ª—é—á–µ–Ω–∏—è –ú–∏–ª–ª–∏–æ–Ω–µ—Ä–∞: –ò–≥—Ä–æ–≤—ã–µ –∞–≤—Ç–æ–º–∞—Ç—ã,14
–ü–∏—Ä–∞—Ç—ã. –°—É–Ω–¥—É–∫ –ú–µ—Ä—Ç–≤–µ—Ü–∞,14
–°–≤–∞–¥—å–±–∞ –ø–æ –ª—é–±–≤–∏ 2,14
–Å–ª–æ—á–∫–∞ 2019: –ö–∞–Ω–∏–∫—É–ª—ã –≤ –†–∏–æ,14
–õ–µ–≥–µ–Ω–¥—ã –º–æ—Ä–µ–π,13
–ü–æ—Å–ª–µ–¥–Ω–∏–π —Ñ–æ—Ä–ø–æ—Å—Ç,13
"–ê–∫—Ç–∏–≤–Ω—ã–π –ì—Ä–∞–∂–¥–∞–Ω–∏–Ω - –ø—Ä–æ–µ–∫—Ç –¥–ª—è —Ç–µ—Ö, –∫–æ–º—É –≤–∞–∂–Ω–æ, —á—Ç–æ –ø—Ä–æ–∏—Å—Ö–æ–¥–∏—Ç –≤ –ú–æ—Å–∫–≤–µ",13
"–≠–∫–æ–º–∞—Ä–∫–µ—Ç ‚òòÔ∏è –†–µ–∑—É–ª—å—Ç–∞—Ç—ã –ø–æ –∑–¥–æ—Ä–æ–≤—å—é, –ø—Ä–æ–≥—Ä–∞–º–º—ã, –ø—Ä–æ–¥—É–∫—Ç—ã",13
–ù–∞–π—Ç–∏ –æ—Ç–ª–∏—á–∏—è,12
–ò–Ω–¥–∏–∞–Ω–∞ –∫–æ—Ç,12
–≠—Ä–∞ —Ñ—É—Ç–±–æ–ª–∞,12
http://m.dgvg.ru/dl,12
Cube Day Z (—Ä–µ–∂–∏–º skywars –Ω–∞ android),12
–ó–ª–∞—è –°–∫–∞–∑–∫–∞: –∑–∞—Ç–µ—Ä—è–Ω–Ω—ã–π –≥–æ—Ä–æ–¥,12
–í–í–ï–†–•,11
–í–µ–≥–∞ –ú–∏–∫—Å: —Ç—Ä–∏ –≤ —Ä—è–¥,11
–Å–ª–æ—á–∫–∞ 2019,11
"–î—Ä—É–∑—å—è, –æ—Ç–≤–µ—Ç—å—Ç–µ –Ω–∞ –º–æ–π –≤–æ–ø—Ä–æ—Å! :-)",11
51781225,11
–ü—Ä–∏–∑ –∫–∞–∂–¥—ã–π –¥–µ–Ω—å –æ—Ç Proskater.ru,11
¬´–ü–æ–¥–∞—Ä–∫–∏-—Å—é—Ä–ø—Ä–∏–∑—ã¬ª –¥–ª—è –∏–≥—Ä–æ–∫–æ–≤,11
–ú—ã—à—å –±–∏–±–ª–∏–æ—Ç–µ—á–Ω–∞—è,11
Login ‚Ä¢ Instagram,11
–°–ª–æ–≤–µ—Å–Ω—ã–π –°–æ—É—Å,10
–ß–∏—Ç –Ω–∞ –ê–≤–∞—Ç–∞—Ä–∏—é | –ù–∞–∫—Ä—É—á–∏–≤–∞–µ–º –ó–æ–ª–æ—Ç–æ,10
–î–µ–≤–∏—á—å—è –∫—Ä–∞—Å–∞ - –¥–ª–∏–Ω–Ω–∞—è –∫–æ—Å–∞,10
–ì–æ–ª–æ–¥–Ω—ã–µ –ò–≥—Ä—ã - –∫—Ä—É—á–µ –ê–≥–∞—Ä–∏–æ | –í–ö–æ–Ω—Ç–∞–∫—Ç–µ,10
–Å–ª–æ—á–∫–∞ 2016: –¶–≤–µ—Ç–æ—á–Ω—ã–π –°–∞–¥,10
51778693,10
–ö—É–∑–æ–≤–Ω—ã–µ –∑–∞–ø—á–∞—á–∏ –≤ —Ü–≤–µ—Ç –∞–≤—Ç–æ.,10
WhatsApp  :: Download,10
51806509,9
–°–ª–æ—Ç—ã: –†—ã–±–æ–ª–æ–≤–Ω—ã–π —Ä–∞–π,9
http://cs407617.vk.me/v407617978/34f/ZgZKBmsYAD0.jpg,9
–°—Ç–µ–Ω–∫–∞ –Ω–∞ —Å—Ç–µ–Ω–∫—É 3D: –¥—Ä–∞–∫–∏ —Ñ—É—Ç–±–æ–ª—å–Ω—ã—Ö —Ñ–∞–Ω–∞—Ç–æ–≤,9
–ì–¥–µ –û—Ç–ª–∏—á–∏–µ?,9
–£–∑–Ω–∞–π –≤—Å—é –ø—Ä–∞–≤–¥—É –æ —Å–µ–±–µ!,9
–®–∞–≥–∏ –í–ö–æ–Ω—Ç–∞–∫—Ç–µ,9
51771026,9
–ü—Ä–∏–∫–æ–ª—ã –∏ —é–º–æ—Ä,9
"–ò–≥—Ä–∞—Ç—å –≤ ""–°–ª–æ–≤–æ –∑–∞ —Å–ª–æ–≤–æ"" –ø—Ä—è–º–æ —Å–µ–π—á–∞—Å!",9
–ê–∫–≤–∞–ø–æ–ª–∏—Å. –§–µ—Ä–º–∞ –Ω–∞ —Ä—É—Å—Å–∫–æ–º,9
–Æ–ª–∞ ‚Äì –ø–æ–ª—É—á–∏ –±–æ–Ω—É—Å—ã –≤ –ø–æ–¥–∞—Ä–æ–∫,9
http://vk.com/vulcan2_game,9
–°–æ—á–∏ 2014. –û–ª–∏–º–ø–∏–π—Å–∫–∏–π –∫—É—Ä–æ—Ä—Ç,9
51814836,9
–û—Ç–∫—Ä–æ–π –º–∏—Ä –∫—Ä–∞—Å–æ—Ç—ã —Å Oriflame,9
–ó–≤–µ–∑–¥–Ω—ã–µ –î—Ä—É–∑—å—è,9
–ù–∞—à–µ—Å—Ç–≤–∏–µ: –•–æ–¥—è—á–∏–µ –º–µ—Ä—Ç–≤–µ—Ü—ã,8
–Ø –∑–∞—Ä–∞–±–∞—Ç—ã–≤–∞—é —á–µ—Ä–µ–∑ –∏–Ω—Ç–µ—Ä–Ω–µ—Ç. –ü–æ–ø—Ä–æ–±—É–π –∏ —Ç—ã!,8
–†–µ–≥–∏–æ–Ω–∞–ª—å–Ω—ã–µ –ø—Ä–µ–¥—Å—Ç–∞–≤–∏—Ç–µ–ª–∏ NewService24,8
–ì—É—Ä–º–∞–Ω–∏—è: –¢—Ä–∏ –≤ —Ä—è–¥!,8
–ù–∞–∏—Ä–∞ –í–∞—Ä–¥–∞–Ω—è–Ω | ask.fm/id272971336,8
51782061,8
–í—ã—Ä–∞—Å—Ç–∏ –ø–æ–ø—É–≥–∞—è,8
–ö—Ç–æ –ø–æ–µ—Ç?,8
http://vk.com/fizrukplay,8
–ù–∞–π–¥–∏ –æ—Ç–ª–∏—á–∏—è,8
"–æ–Ω-–ª–∞–∏–Ω –∫—É—Ä—Å—ã ""–°–∞–º —Å–µ–±–µ –≤–∏–∑–∞–∂–∏—Å—Ç""",7
–ö—Ä–æ–∫–≤–æ—Ä–¥,7
Cube Strike 3D,7
"–°–í, –í–í–° –∏–ª–∏ –í–ú–§?",7
–°–∫–∞—á–∞—Ç—å WhatsApp,7
–ß—Ç–æ –∑–∞ —Ç–∞—á–∫–∞?,7
–ó–¥–µ—Å—å –º–æ–∂–Ω–æ –±–µ—Å–ø–ª–∞—Ç–Ω–æ —Å–∫–∞—á–∞—Ç—å –ø—Ä–∏–ª–æ–∂–µ–Ω–∏–µ –î—Ä—É–≥–í–æ–∫—Ä—É–≥ –Ω–∞ —Ç–µ–ª–µ—Ñ–æ–Ω –∏–ª–∏ –Ω–∞ –∫–æ–º–ø—å—é—Ç–µ—Ä,7
http://vk.com/vlubi,7
–ö–æ–º–∞—Ä–æ–≤–æ,7
3882511,7
"–¢—Ä–µ–Ω–∏–Ω–≥ –Ω–∞ —Ç–µ–º—É: ""–ü—Ä–∞–≤–∏–ª–∞ —Å—á–∞—Å—Ç–ª–∏–≤—ã—Ö —Å–µ–º–µ–π"" / –°–æ–±—ã—Ç–∏—è –Ω–∞ TimePad.ru",7
Download | Viber,7
–ñ–µ–ª–µ–∑–Ω—ã–π –õ—ë–¥,7
"iHerb.com - Vitamins, Supplements & Natural Health Products",7
–Å–ª–æ—á–∫–∞ 2019: –ö–∞—Ä–Ω–∞–≤–∞–ª –≤ –í–µ–Ω–µ—Ü–∏–∏,7
–Ø –Ω–∞ –°–ø—Ä–∞—à–∏–≤–∞–π! –ó–∞–¥–∞–π –º–Ω–µ –ª—é–±–æ–π –≤–æ–ø—Ä–æ—Å –∞–Ω–æ–Ω–∏–º–Ω–æ!,7
–ë—É–¥—É—â–µ–µ,7
–¢—Ä–∞–≥–µ–¥–∏—è –±–µ–ª–æ–∫,7
"‚ñ∫ –í–∏–¥–µ–æ–∞–ª—å–±–æ–º ""–ü—Ä–∏–≤–µ—Ç!""",7
–°–ø—Ä–æ—Å–∏ ‚Äì –ê–Ω–æ–Ω–∏–º–Ω—ã–µ –≤–æ–ø—Ä–æ—Å—ã –¥—Ä—É–∑—å—è–º,7
Free Fire - Battlegrounds. Best survival Battle Royale on mobile!,7
Pandao - —Å–∫–∞—á–∞—Ç—å –ø—Ä–∏–ª–æ–∂–µ–Ω–∏–µ,7
–ë–ª–æ–∫–∞–¥–∞ (3D FPS Online),7
–ë–∞–Ω–¥–∏—Ç –ö–∞–π—Ñ–∞—Ä–∏–∫ - BIGO LIVE,7
–Å–ª–æ—á–∫–∞ 2017,7
–í –æ–∫–æ–ø–µ: –í–î–í,7
–¢—É–∑–µ–º—Ü—ã,7
Legendarium,7
51749654,6
"""–î–µ–Ω—å –ö–ª–∏–µ–Ω—Ç–∞"" –∫–æ–º–ø–∞–Ω–∏–∏ New Service for life / –°–æ–±—ã—Ç–∏—è –Ω–∞ TimePad.ru",6
http://vk.com/varwars?ad_id=wall313553199_313553199,6
–ö–æ—Å—Ç—è –ü–æ–¥–ø–∏—à–∏—Å—å –Ω–∞ –õ–∞–π–∫–µ—Ä–∞ –≤ –ø—Ä–∏–ª–æ–∂–µ–Ω–∏–∏ LIKE –∏ –Ω–µ –ø—Ä–æ–ø—É—Å—Ç–∏ —Å–ª–µ–¥—É—é—â–µ–≥–æ —à–æ—É,6
‚Ä¢ –†–µ—Ü–µ–ø—Ç—ã ‚Äî –î–æ–±–∞–≤—å –Ω–∞ —Å—Ç–µ–Ω—É,6
–ö–∏—Å –ö–∏—Å —Ä–∞—Å–∫—Ä—ã–≤–∞–µ—Ç —Ç–∞–π–Ω—ã–µ –∂–µ–ª–∞–Ω–∏—è!,6
–§–∏–∑—Ä—É–∫,6
–°–∞–º–∞—è –∫—Ä–∞—Å–∏–≤–∞—è,6
–ú–∞–≥–∏—á–µ—Å–∫–∞—è –ö—É—Ö–Ω—è,6
"–Ø–Ω–¥–µ–∫—Å.–ë—Ä–∞—É–∑–µ—Ä ‚Äî –ª–∞–∫–æ–Ω–∏—á–Ω—ã–π, —É–¥–æ–±–Ω—ã–π –∏ —É–º–Ω—ã–π",6
–ó–∞–¥–∞–π –º–Ω–µ –≤–æ–ø—Ä–æ—Å | ask.fm/Alexsandr95,6
–ó–∞–¥–∞–≤–∞–π—Ç–µ –º–Ω–µ –≤–æ–ø—Ä–æ—Å—ã –Ω–∞ –°–ø—Ä–∞—à–∏–≤–∞–ª–∫–µ!,6
–û—Ç–∫—Ä—ã–≤–∞–π –∫–µ–π—Å—ã –≤–º–µ—Å—Ç–µ —Å–æ –º–Ω–æ–π!,6
51722497,6
—Ä–æ–∑—ã —Ñ–æ—Ç–æ ‚Äî –Ø–Ω–¥–µ–∫—Å.–ö–∞—Ä—Ç–∏–Ω–∫–∏,6
–¢—é—Ä—è–≥–∞,6
–õ–∞–≤–æ—á–∫–∞,6
–¢—Ä–æ–ø–∏–∫–∞–Ω–∏—è,6
Coral Club: Registration,6
7 –≥–ª–∞–≤–Ω—ã—Ö –ø—Ä–∏–Ω—Ü–∏–ø–æ–≤ –∂–∏–∑–Ω–∏ –æ—Ç –º—É–¥—Ä–µ—Ü–æ–≤,6
–¢–æ–ø—Å—Ç–∞—Ç—É—Å,6
–ú–∏—Ä –í–µ—Å—Ç–µ—Ä–Ω–∞,6
11x11 - –Ω–∞—Å—Ç–æ—è—â–∏–π —Ñ—É—Ç–±–æ–ª!,6
–ö–æ—Ç–æ–º–∞–Ω–∏—è,6
–ö–∞–∫ –±—ã –≤—ã –≤—ã–≥–ª—è–¥–µ–ª–∏ –≤ –æ–±–ª–∏–∫–µ –∫–∏–Ω–æ–∑–≤–µ–∑–¥—ã?,6
Days,6
"–û–±—ä—è–≤–ª—è–µ–º –Ω–∞–±–æ—Ä –æ–Ω-–ª–∞–∏–Ω –∫—É—Ä—Å–∞ ""–ü—Ä–∞–∫—Ç–∏—á–µ—Å–∫–∞—è –∫–æ—Å–º–µ—Ç–æ–ª–æ–≥–∏—è""!",6
51410562,5
"–ì–æ—Ä–æ–¥ –¢–∞—á–µ–∫ - –æ–±–Ω–æ–≤–ª–µ–Ω–∏–µ ""–§–æ—Ä—Å–∞–∂ 5""",3
–£–≥–∞–¥–∞–π –º–µ–ª–æ–¥–∏—é - —Å—É–ø–µ—Ä –í–∏–∫—Ç–æ—Ä–∏–Ω–∞!,5
–ù–∞–Ω–æ—Ñ–µ—Ä–º–∞,10